image_id,cafe_name,filename,github_url,upload_timestamp
2,공차 강남글라스점,image_2_5031c84f.jpg,https://raw.githubusercontent.com/Coffice-Official/Coffice-Operating-Tool/main/cafe-image/image_2_5031c84f.jpg?token=ACOL25233NM3IBT4ELGFSZDJBCZJS,2025-11-03 22:47:10
3,강남커피 강남점,image_3_7c710e6e.jpg,https://raw.githubusercontent.com/Coffice-Official/Coffice-Operating-Tool/main/cafe-image/image_3_7c710e6e.jpg?token=ACOL25YKSUCBCLJV26E5SBTJBCZJ2,2025-11-03 22:47:13
4,강남커피 강남점,image_4_05443232.jpg,https://raw.githubusercontent.com/Coffice-Official/Coffice-Operating-Tool/main/cafe-image/image_4_05443232.jpg?token=ACOL256OGIOAOTSUYRKML5LJBCZJ6,2025-11-03 22:47:15
5,강남커피 강남점,image_5_e7659044.jpg,https://raw.githubusercontent.com/Coffice-Official/Coffice-Operating-Tool/main/cafe-image/image_5_e7659044.jpg?token=ACOL254GW3REH7FF3OCJYVTJBCZKE,2025-11-03 22:47:18
6,강남커피 강남점,image_6_7765c1ad.jpg,https://raw.githubusercontent.com/Coffice-Official/Coffice-Operating-Tool/main/cafe-image/image_6_7765c1ad.jpg?token=ACOL2567GZBIOCTEA5UJVTLJBCZKI,2025-11-03 22:47:20
7,강남커피 강남점,image_7_99f21906.jpg,https://raw.githubusercontent.com/Coffice-Official/Coffice-Operating-Tool/main/cafe-image/image_7_99f21906.jpg?token=ACOL255HRZJVDZEZNTF4Q3TJBCZKO,2025-11-03 22:47:24
8,스타벅스 강남오거리점,image_8_8b6116fb.jpg,https://raw.githubusercontent.com/Coffice-Official/Coffice-Operating-Tool/main/cafe-image/image_8_8b6116fb.jpg?token=ACOL25YV6UZTDF42XW52HR3JBCZKW,2025-11-03 22:47:27
9,스타벅스 강남오거리점,image_9_ed6e4742.jpg,https://raw.githubusercontent.com/Coffice-Official/Coffice-Operating-Tool/main/cafe-image/image_9_ed6e4742.jpg?token=ACOL257YKBB6FVMYS7ZWX2LJBCZK4,2025-11-03 22:47:30
10,스타벅스 강남오거리점,image_10_53f4d848.jpg,https://raw.githubusercontent.com/Coffice-Official/Coffice-Operating-Tool/main/cafe-image/image_10_53f4d848.jpg?token=ACOL254RUDGL4GTQYY5G6Q3JBCZLA,2025-11-03 22:47:32
11,스타벅스 강남오거리점,image_11_197b8621.jpg,https://raw.githubusercontent.com/Coffice-Official/Coffice-Operating-Tool/main/cafe-image/image_11_197b8621.jpg?token=ACOL2577HMSTRO25JPKIZCDJBCZLI,2025-11-03 22:47:36
12,스타벅스 강남오거리점,image_12_db961948.jpg,https://raw.githubusercontent.com/Coffice-Official/Coffice-Operating-Tool/main/cafe-image/image_12_db961948.jpg?token=ACOL2553M2VGEHEVUCD46M3JBCZLO,2025-11-03 22:47:39
15,베이커스트 브라운,image_15_1c77aa65.jpg,https://raw.githubusercontent.com/Coffice-Official/Coffice-Operating-Tool/main/cafe-image/image_15_1c77aa65.jpg?token=ACOL25ZECKEE5RATPAVFR4TJBCZLU,2025-11-03 22:47:43
16,베이커스트 브라운,image_16_d908939f.jpg,https://raw.githubusercontent.com/Coffice-Official/Coffice-Operating-Tool/main/cafe-image/image_16_d908939f.jpg?token=ACOL252I6V5AK4TKRMOLYF3JBCZL2,2025-11-03 22:47:45
17,베이커스트 브라운,image_17_0b1e5b19.jpg,https://raw.githubusercontent.com/Coffice-Official/Coffice-Operating-Tool/main/cafe-image/image_17_0b1e5b19.jpg?token=ACOL254S2UVGZOPR277ZTDLJBCZL6,2025-11-03 22:47:47
18,베이커스트 브라운,image_18_56cd9992.jpg,https://raw.githubusercontent.com/Coffice-Official/Coffice-Operating-Tool/main/cafe-image/image_18_56cd9992.jpg?token=ACOL252WEGBXRGBQPJ4T6SDJBCZME,2025-11-03 22:47:50
19,베이커스트 브라운,image_19_114bba9b.jpg,https://raw.githubusercontent.com/Coffice-Official/Coffice-Operating-Tool/main/cafe-image/image_19_114bba9b.jpg?token=ACOL255OC4SJU67RMQZOH5DJBCZMK,2025-11-03 22:47:53
20,베이커스트 브라운,image_20_5a74112d.jpg,https://raw.githubusercontent.com/Coffice-Official/Coffice-Operating-Tool/main/cafe-image/image_20_5a74112d.jpg?token=ACOL25ZZ54VPQYX5AMPGBADJBCZMM,2025-11-03 22:47:54
21,베이커스트 브라운,image_21_174d5a41.jpg,https://raw.githubusercontent.com/Coffice-Official/Coffice-Operating-Tool/main/cafe-image/image_21_174d5a41.jpg?token=ACOL254YKILZ63DVBLIMBCLJBCZMQ,2025-11-03 22:47:57
22,어퍼앤언더,image_22_7ab90ab3.jpg,https://raw.githubusercontent.com/Coffice-Official/Coffice-Operating-Tool/main/cafe-image/image_22_7ab90ab3.jpg?token=ACOL254HSUTXON3EZW5LJPDJBCZMW,2025-11-03 22:47:59
23,어퍼앤언더,image_23_b81db3e2.jpg,https://raw.githubusercontent.com/Coffice-Official/Coffice-Operating-Tool/main/cafe-image/image_23_b81db3e2.jpg?token=ACOL253IKKOYLFDU7U2WYGDJBCZM2,2025-11-03 22:48:02
24,어퍼앤언더,image_24_3f0c6a72.jpg,https://raw.githubusercontent.com/Coffice-Official/Coffice-Operating-Tool/main/cafe-image/image_24_3f0c6a72.jpg?token=ACOL252I4PZBWCF6H3KWDTTJBCZM6,2025-11-03 22:48:03
25,어퍼앤언더,image_25_1de21610.jpg,https://raw.githubusercontent.com/Coffice-Official/Coffice-Operating-Tool/main/cafe-image/image_25_1de21610.jpg?token=ACOL2526XO7BO5VWLF6JT3TJBCZNE,2025-11-03 22:48:06
26,어퍼앤언더,image_26_c6c05c26.jpg,https://raw.githubusercontent.com/Coffice-Official/Coffice-Operating-Tool/main/cafe-image/image_26_c6c05c26.jpg?token=ACOL25YZ5MKRJLFKPXSVQYLJBCZNK,2025-11-03 22:48:09
27,어퍼앤언더,image_27_65b2b3e0.jpg,https://raw.githubusercontent.com/Coffice-Official/Coffice-Operating-Tool/main/cafe-image/image_27_65b2b3e0.jpg?token=ACOL255ARZCLNWRA54AEFCLJBCZNO,2025-11-03 22:48:11
28,어퍼앤언더,image_28_8d2b7d06.jpg,https://raw.githubusercontent.com/Coffice-Official/Coffice-Operating-Tool/main/cafe-image/image_28_8d2b7d06.jpg?token=ACOL255YMC25STEE2BPJXXTJBCZNS,2025-11-03 22:48:13
29,썸띵어바웃커피,image_29_1da02340.jpg,https://raw.githubusercontent.com/Coffice-Official/Coffice-Operating-Tool/main/cafe-image/image_29_1da02340.jpg?token=ACOL2554CSBOF6H334VRF23JBCZNU,2025-11-03 22:48:14
30,썸띵어바웃커피,image_30_4a5dfbc7.jpg,https://raw.githubusercontent.com/Coffice-Official/Coffice-Operating-Tool/main/cafe-image/image_30_4a5dfbc7.jpg?token=ACOL254BJ7VAQJGPSIO7E5TJBCZNY,2025-11-03 22:48:16
31,썸띵어바웃커피,image_31_5faa73d6.jpg,https://raw.githubusercontent.com/Coffice-Official/Coffice-Operating-Tool/main/cafe-image/image_31_5faa73d6.jpg?token=ACOL253NCQPVT2ASN2H4H5TJBCZN6,2025-11-03 22:48:19
32,썸띵어바웃커피,image_32_a3c9cd71.jpg,https://raw.githubusercontent.com/Coffice-Official/Coffice-Operating-Tool/main/cafe-image/image_32_a3c9cd71.jpg?token=ACOL2573NC4HTRPOTVDXDDDJBCZOC,2025-11-03 22:48:21
33,썸띵어바웃커피,image_33_bf4a2a97.jpg,https://raw.githubusercontent.com/Coffice-Official/Coffice-Operating-Tool/main/cafe-image/image_33_bf4a2a97.jpg?token=ACOL255YKGLF2NCD7EEYFPDJBCZOG,2025-11-03 22:48:23
34,썸띵어바웃커피,image_34_40f4c7f3.jpg,https://raw.githubusercontent.com/Coffice-Official/Coffice-Operating-Tool/main/cafe-image/image_34_40f4c7f3.jpg?token=ACOL257GRB32L6BRAVRBTB3JBCZOK,2025-11-03 22:48:25
35,썸띵어바웃커피,image_35_75e9f16a.jpg,https://raw.githubusercontent.com/Coffice-Official/Coffice-Operating-Tool/main/cafe-image/image_35_75e9f16a.jpg?token=ACOL25YDRJXQWNNDEW7K5G3JBCZOO,2025-11-03 22:48:27
41,공차 강남글라스점,image_41_8c49b11f.jpg,https://raw.githubusercontent.com/Coffice-Official/Coffice-Operating-Tool/main/cafe-image/image_41_8c49b11f.jpg?token=ACOL253J5GHW7FF2AXH4W63JBCZOU,2025-11-03 22:48:31
42,평화다방 강남역점,image_42_e0cf2cf7.jpg,https://raw.githubusercontent.com/Coffice-Official/Coffice-Operating-Tool/main/cafe-image/image_42_e0cf2cf7.jpg?token=ACOL253GMYAQAVCCM3HBD2TJBCZOY,2025-11-03 22:48:33
43,평화다방 강남역점,image_43_d5d02a7c.jpg,https://raw.githubusercontent.com/Coffice-Official/Coffice-Operating-Tool/main/cafe-image/image_43_d5d02a7c.jpg?token=ACOL25Y5KN4EMXTU6FFDZRTJBCZO6,2025-11-03 22:48:35
44,커피빈 강남역12번출구점,image_44_11d45da7.jpg,https://raw.githubusercontent.com/Coffice-Official/Coffice-Operating-Tool/main/cafe-image/image_44_11d45da7.jpg?token=ACOL255IXCVIXWVZ7E354IDJBCZPQ,2025-11-03 22:48:44
45,커피빈 강남역12번출구점,image_45_7bfde85c.jpg,https://raw.githubusercontent.com/Coffice-Official/Coffice-Operating-Tool/main/cafe-image/image_45_7bfde85c.jpg?token=ACOL25544JGBJV5PC4SRSGTJBCZPU,2025-11-03 22:48:46
46,커피빈 강남역12번출구점,image_46_d5bd959b.jpg,https://raw.githubusercontent.com/Coffice-Official/Coffice-Operating-Tool/main/cafe-image/image_46_d5bd959b.jpg?token=ACOL254MVDDSKECGXXVZD5TJBCZPY,2025-11-03 22:48:48
47,커피빈 강남역12번출구점,image_47_ca99cb14.jpg,https://raw.githubusercontent.com/Coffice-Official/Coffice-Operating-Tool/main/cafe-image/image_47_ca99cb14.jpg?token=ACOL25YFFTXGHDOK7A5AU4TJBCZP2,2025-11-03 22:48:49
48,알베르,image_48_b027ed3f.jpg,https://raw.githubusercontent.com/Coffice-Official/Coffice-Operating-Tool/main/cafe-image/image_48_b027ed3f.jpg?token=ACOL25Z3UCB3LZGUUZQN5V3JBCZP6,2025-11-03 22:48:51
49,센터커피 강남점,image_49_1bc2bb70.jpg,https://raw.githubusercontent.com/Coffice-Official/Coffice-Operating-Tool/main/cafe-image/image_49_1bc2bb70.jpg?token=ACOL2576TQHZJKNY7WYKXVLJBCZQE,2025-11-03 22:48:54
50,알베르,image_50_aaa581b7.jpg,https://raw.githubusercontent.com/Coffice-Official/Coffice-Operating-Tool/main/cafe-image/image_50_aaa581b7.jpg?token=ACOL25YCOZETTLGK6HDFP23JBCZQI,2025-11-03 22:48:56
51,센터커피 강남점,image_51_807c3a9e.jpg,https://raw.githubusercontent.com/Coffice-Official/Coffice-Operating-Tool/main/cafe-image/image_51_807c3a9e.jpg?token=ACOL25ZZFI4JSRXSDL72WETJBCZQK,2025-11-03 22:48:57
52,알베르,image_52_b82de8f6.jpg,https://raw.githubusercontent.com/Coffice-Official/Coffice-Operating-Tool/main/cafe-image/image_52_b82de8f6.jpg?token=ACOL252TGUVJGRAZABOIHE3JBCZQO,2025-11-03 22:48:59
53,알베르,image_53_04b5e4cf.jpg,https://raw.githubusercontent.com/Coffice-Official/Coffice-Operating-Tool/main/cafe-image/image_53_04b5e4cf.jpg?token=ACOL254GKPHBZQFPWRMOJZDJBCZQU,2025-11-03 22:49:02
54,알베르,image_54_619d5cbe.jpg,https://raw.githubusercontent.com/Coffice-Official/Coffice-Operating-Tool/main/cafe-image/image_54_619d5cbe.jpg?token=ACOL254YZELDQHPSQPZOHPLJBCZQY,2025-11-03 22:49:05
55,알베르,image_55_3046b00b.jpg,https://raw.githubusercontent.com/Coffice-Official/Coffice-Operating-Tool/main/cafe-image/image_55_3046b00b.jpg?token=ACOL25642DVWKCRK7LTR2KDJBCZRA,2025-11-03 22:49:08
56,그레이스케일커피,image_56_a6bcf435.jpg,https://raw.githubusercontent.com/Coffice-Official/Coffice-Operating-Tool/main/cafe-image/image_56_a6bcf435.jpg?token=ACOL252EOQQPTWQNCSYJG5LJBCZRE,2025-11-03 22:49:10
57,그레이스케일커피,image_57_05ab93bc.jpg,https://raw.githubusercontent.com/Coffice-Official/Coffice-Operating-Tool/main/cafe-image/image_57_05ab93bc.jpg?token=ACOL2535UXHBRNEQP2CKOILJBCZRK,2025-11-03 22:49:13
58,그레이스케일커피,image_58_d543465d.jpg,https://raw.githubusercontent.com/Coffice-Official/Coffice-Operating-Tool/main/cafe-image/image_58_d543465d.jpg?token=ACOL2536UCLPTA7QMG7ODSTJBCZRQ,2025-11-03 22:49:16
59,그레이스케일커피,image_59_9caec31c.jpg,https://raw.githubusercontent.com/Coffice-Official/Coffice-Operating-Tool/main/cafe-image/image_59_9caec31c.jpg?token=ACOL252D4FPMPRZDQASJ2CDJBCZRS,2025-11-03 22:49:18
60,센터커피 강남점,image_60_ee9b3a37.jpg,https://raw.githubusercontent.com/Coffice-Official/Coffice-Operating-Tool/main/cafe-image/image_60_ee9b3a37.jpg?token=ACOL253JMQQNGFAB4OE7TZDJBCZRW,2025-11-03 22:49:19
61,그레이스케일커피,image_61_455febee.jpg,https://raw.githubusercontent.com/Coffice-Official/Coffice-Operating-Tool/main/cafe-image/image_61_455febee.jpg?token=ACOL253U72GUEGUGK2EDTDLJBCZR4,2025-11-03 22:49:22
62,센터커피 강남점,image_62_6df72fe8.jpg,https://raw.githubusercontent.com/Coffice-Official/Coffice-Operating-Tool/main/cafe-image/image_62_6df72fe8.jpg?token=ACOL254KY66CI2YWFZFS6KDJBCZSA,2025-11-03 22:49:24
63,그레이스케일커피,image_63_6556fbee.jpg,https://raw.githubusercontent.com/Coffice-Official/Coffice-Operating-Tool/main/cafe-image/image_63_6556fbee.jpg?token=ACOL257NKEKEH55IDB7JCLDJBCZSE,2025-11-03 22:49:26
64,센터커피 강남점,image_64_c3d2fadc.jpg,https://raw.githubusercontent.com/Coffice-Official/Coffice-Operating-Tool/main/cafe-image/image_64_c3d2fadc.jpg?token=ACOL256LTUEIVHN6TJ5BSWTJBCZSI,2025-11-03 22:49:28
65,그레이스케일커피,image_65_ae7bc97c.jpg,https://raw.githubusercontent.com/Coffice-Official/Coffice-Operating-Tool/main/cafe-image/image_65_ae7bc97c.jpg?token=ACOL255YAVE2BANIMOVL2YDJBCZSM,2025-11-03 22:49:30
66,센터커피 강남점,image_66_51aa28e5.jpg,https://raw.githubusercontent.com/Coffice-Official/Coffice-Operating-Tool/main/cafe-image/image_66_51aa28e5.jpg?token=ACOL252WLNV6O4KCFE4KOX3JBCZSQ,2025-11-03 22:49:32
67,그레이스케일커피,image_67_c62fa8a7.jpg,https://raw.githubusercontent.com/Coffice-Official/Coffice-Operating-Tool/main/cafe-image/image_67_c62fa8a7.jpg?token=ACOL253ENPXHPHIYYEAFPA3JBCZSU,2025-11-03 22:49:35
68,크라프트카페,image_68_62590e5b.jpg,https://raw.githubusercontent.com/Coffice-Official/Coffice-Operating-Tool/main/cafe-image/image_68_62590e5b.jpg?token=ACOL25ZWW63MJ4R466ELA63JBCZS2,2025-11-03 22:49:37
69,크라프트카페,image_69_ca3c48bd.jpg,https://raw.githubusercontent.com/Coffice-Official/Coffice-Operating-Tool/main/cafe-image/image_69_ca3c48bd.jpg?token=ACOL256DACWMKA55FSLNC7LJBCZS6,2025-11-03 22:49:40
70,센터커피 강남점,image_70_c30d0a5d.jpg,https://raw.githubusercontent.com/Coffice-Official/Coffice-Operating-Tool/main/cafe-image/image_70_c30d0a5d.jpg?token=ACOL255WHZBPRQ2JLSJWBDTJBCZTG,2025-11-03 22:49:43
71,크라프트카페,image_71_66de0fbf.jpg,https://raw.githubusercontent.com/Coffice-Official/Coffice-Operating-Tool/main/cafe-image/image_71_66de0fbf.jpg?token=ACOL2533J3AGEYAUJDULEZTJBCZTK,2025-11-03 22:49:45
72,센터커피 강남점,image_72_0f31b0b8.jpg,https://raw.githubusercontent.com/Coffice-Official/Coffice-Operating-Tool/main/cafe-image/image_72_0f31b0b8.jpg?token=ACOL257BHNLLFXYISJSVZWDJBCZTM,2025-11-03 22:49:46
73,크라프트카페,image_73_05e4692d.jpg,https://raw.githubusercontent.com/Coffice-Official/Coffice-Operating-Tool/main/cafe-image/image_73_05e4692d.jpg?token=ACOL25366C6VX3WBB57G343JBCZTS,2025-11-03 22:49:49
74,크라프트카페,image_74_6d36ee8d.jpg,https://raw.githubusercontent.com/Coffice-Official/Coffice-Operating-Tool/main/cafe-image/image_74_6d36ee8d.jpg?token=ACOL2542TAEH7TJLH5PGJ23JBCZTU,2025-11-03 22:49:50
75,크라프트카페,image_75_37593a97.jpg,https://raw.githubusercontent.com/Coffice-Official/Coffice-Operating-Tool/main/cafe-image/image_75_37593a97.jpg?token=ACOL2547GYGUUI5JXBIRJR3JBCZTY,2025-11-03 22:49:52
76,크라프트카페,image_76_861cbca7.jpg,https://raw.githubusercontent.com/Coffice-Official/Coffice-Operating-Tool/main/cafe-image/image_76_861cbca7.jpg?token=ACOL25Y4CFN5M5L23XFPNYLJBCZT4,2025-11-03 22:49:54
84,투썸플레이스 강남역중앙점,image_84_1a5c9d4f.jpeg,https://raw.githubusercontent.com/Coffice-Official/Coffice-Operating-Tool/main/cafe-image/image_84_1a5c9d4f.jpeg?token=ACOL257P25SC2GN2BR7YV3DJBCZUA,2025-11-03 22:49:56
86,투썸플레이스 강남역중앙점,image_86_8835f435.jpeg,https://raw.githubusercontent.com/Coffice-Official/Coffice-Operating-Tool/main/cafe-image/image_86_8835f435.jpeg?token=ACOL257MOFER64YZF5FC2B3JBCZUE,2025-11-03 22:49:58
88,투썸플레이스 강남역중앙점,image_88_a6d23235.jpeg,https://raw.githubusercontent.com/Coffice-Official/Coffice-Operating-Tool/main/cafe-image/image_88_a6d23235.jpeg?token=ACOL257D2ZMOCEFGIXPBI5TJBCZUG,2025-11-03 22:49:59
100,본부케,image_100_ac6328b6.jpg,https://raw.githubusercontent.com/Coffice-Official/Coffice-Operating-Tool/main/cafe-image/image_100_ac6328b6.jpg?token=ACOL255J5TDCNW26ESVTFBLJBCZUK,2025-11-03 22:50:02
101,본부케,image_101_9fe9b7ef.jpg,https://raw.githubusercontent.com/Coffice-Official/Coffice-Operating-Tool/main/cafe-image/image_101_9fe9b7ef.jpg?token=ACOL253BBNVI3JQIPJ7AM5DJBCZUO,2025-11-03 22:50:03
102,본부케,image_102_e17389bb.jpg,https://raw.githubusercontent.com/Coffice-Official/Coffice-Operating-Tool/main/cafe-image/image_102_e17389bb.jpg?token=ACOL25Z6JD4QQQ5CP4CM653JBCZUQ,2025-11-03 22:50:05
103,015 COFFEE,image_103_a12a17ec.jpg,https://raw.githubusercontent.com/Coffice-Official/Coffice-Operating-Tool/main/cafe-image/image_103_a12a17ec.jpg?token=ACOL252P5AH5JYXCBGA73ZDJBCZUY,2025-11-03 22:50:08
104,본부케,image_104_0489f50f.jpg,https://raw.githubusercontent.com/Coffice-Official/Coffice-Operating-Tool/main/cafe-image/image_104_0489f50f.jpg?token=ACOL2575WBI7D6VWXM2ZSBTJBCZU4,2025-11-03 22:50:10
106,106길 15,image_106_38b6136f.jpg,https://raw.githubusercontent.com/Coffice-Official/Coffice-Operating-Tool/main/cafe-image/image_106_38b6136f.jpg?token=ACOL25YIIF57NEPTDVZBDZDJBCZVA,2025-11-03 22:50:12
107,106길 15,image_107_92bcccf9.jpg,https://raw.githubusercontent.com/Coffice-Official/Coffice-Operating-Tool/main/cafe-image/image_107_92bcccf9.jpg?token=ACOL25ZDUXGRX4Z6IVNNAOTJBCZVE,2025-11-03 22:50:14
108,106길 15,image_108_f2c44600.jpg,https://raw.githubusercontent.com/Coffice-Official/Coffice-Operating-Tool/main/cafe-image/image_108_f2c44600.jpg?token=ACOL254JC3ICBQGC2RBLXJ3JBCZVG,2025-11-03 22:50:16
109,015 COFFEE,image_109_6c23fa99.jpg,https://raw.githubusercontent.com/Coffice-Official/Coffice-Operating-Tool/main/cafe-image/image_109_6c23fa99.jpg?token=ACOL254TYS2AYJ64D6QKF73JBCZVM,2025-11-03 22:50:18
111,까치화방 강남역점,image_111_4a3f49a2.jpg,https://raw.githubusercontent.com/Coffice-Official/Coffice-Operating-Tool/main/cafe-image/image_111_4a3f49a2.jpg?token=ACOL257YMNH6D6S2TZNKG2TJBCZVQ,2025-11-03 22:50:21
113,까치화방 강남역점,image_113_3c8a5dc6.jpg,https://raw.githubusercontent.com/Coffice-Official/Coffice-Operating-Tool/main/cafe-image/image_113_3c8a5dc6.jpg?token=ACOL2545CBX3ZMEIY2CUBR3JBCZVU,2025-11-03 22:50:22
114,015 COFFEE,image_114_5ec79372.jpg,https://raw.githubusercontent.com/Coffice-Official/Coffice-Operating-Tool/main/cafe-image/image_114_5ec79372.jpg?token=ACOL25ZQZ5XZCGZSMBXLSITJBCZVY,2025-11-03 22:50:24
117,티디에스코리아,image_117_1132da3b.jpg,https://raw.githubusercontent.com/Coffice-Official/Coffice-Operating-Tool/main/cafe-image/image_117_1132da3b.jpg?token=ACOL255WAJAUPLW3TXOP2JDJBCZV6,2025-11-03 22:50:27
118,티디에스코리아,image_118_a3d6ee7f.jpg,https://raw.githubusercontent.com/Coffice-Official/Coffice-Operating-Tool/main/cafe-image/image_118_a3d6ee7f.jpg?token=ACOL25ZD32JWAZB7DAQSY7TJBCZWC,2025-11-03 22:50:30
119,티디에스코리아,image_119_14123faa.jpg,https://raw.githubusercontent.com/Coffice-Official/Coffice-Operating-Tool/main/cafe-image/image_119_14123faa.jpg?token=ACOL253HYT33ZX2EZBTBWR3JBCZWI,2025-11-03 22:50:32
120,015 COFFEE,image_120_6338a31c.jpg,https://raw.githubusercontent.com/Coffice-Official/Coffice-Operating-Tool/main/cafe-image/image_120_6338a31c.jpg?token=ACOL257M3PIQ6TMJJKXGIRLJBCZWM,2025-11-03 22:50:34
122,015 COFFEE,image_122_ff245ca2.jpg,https://raw.githubusercontent.com/Coffice-Official/Coffice-Operating-Tool/main/cafe-image/image_122_ff245ca2.jpg?token=ACOL25ZG7IRZZKVVLXLQLI3JBCZWU,2025-11-03 22:50:38
124,할리스 강남역2점,image_124_4bab4234.jpg,https://raw.githubusercontent.com/Coffice-Official/Coffice-Operating-Tool/main/cafe-image/image_124_4bab4234.jpg?token=ACOL2562IFB6AXHNVAGHPS3JBCZW2,2025-11-03 22:50:42
127,할리스 강남역2점,image_127_434e1cef.jpg,https://raw.githubusercontent.com/Coffice-Official/Coffice-Operating-Tool/main/cafe-image/image_127_434e1cef.jpg?token=ACOL252CRTCSVRWKVS2GKB3JBCZXC,2025-11-03 22:50:45
128,스크렘,image_128_e0709b91.jpg,https://raw.githubusercontent.com/Coffice-Official/Coffice-Operating-Tool/main/cafe-image/image_128_e0709b91.jpg?token=ACOL25ZCQGLU6SITC6IA3WLJBCZXI,2025-11-03 22:50:48
129,할리스 강남역2점,image_129_299aa7cc.jpg,https://raw.githubusercontent.com/Coffice-Official/Coffice-Operating-Tool/main/cafe-image/image_129_299aa7cc.jpg?token=ACOL255HP4M5UNLU7J53DADJBCZXM,2025-11-03 22:50:50
131,할리스 강남역2점,image_131_a00f3871.jpg,https://raw.githubusercontent.com/Coffice-Official/Coffice-Operating-Tool/main/cafe-image/image_131_a00f3871.jpg?token=ACOL256W7PIX7F3FI7MNBZDJBCZXQ,2025-11-03 22:50:52
133,할리스 강남역2점,image_133_6daf0271.jpg,https://raw.githubusercontent.com/Coffice-Official/Coffice-Operating-Tool/main/cafe-image/image_133_6daf0271.jpg?token=ACOL25YPT57OOLSK7KUWMDTJBCZXU,2025-11-03 22:50:55
134,스크렘,image_134_f7f41ccb.jpg,https://raw.githubusercontent.com/Coffice-Official/Coffice-Operating-Tool/main/cafe-image/image_134_f7f41ccb.jpg?token=ACOL254PGAJIXEZBKJU5J4TJBCZXY,2025-11-03 22:50:57
135,커피빈 강남대로센터점,image_135_9f0abc92.jpg,https://raw.githubusercontent.com/Coffice-Official/Coffice-Operating-Tool/main/cafe-image/image_135_9f0abc92.jpg?token=ACOL254TN2CT24SBQXNG2LLJBCZX6,2025-11-03 22:50:59
136,가배도 신논현,image_136_4ad9f0ce.jpg,https://raw.githubusercontent.com/Coffice-Official/Coffice-Operating-Tool/main/cafe-image/image_136_4ad9f0ce.jpg?token=ACOL25YGL3EGUBSOTLXDK7TJBCZYC,2025-11-03 22:51:01
137,가배도 신논현,image_137_65b0db7e.jpg,https://raw.githubusercontent.com/Coffice-Official/Coffice-Operating-Tool/main/cafe-image/image_137_65b0db7e.jpg?token=ACOL257UYNFKTXHE23XAVL3JBCZYG,2025-11-03 22:51:03
138,가배도 신논현,image_138_f4356515.jpg,https://raw.githubusercontent.com/Coffice-Official/Coffice-Operating-Tool/main/cafe-image/image_138_f4356515.jpg?token=ACOL25ZZLP42ENF7G3TAYRDJBCZYI,2025-11-03 22:51:04
139,가배도 신논현,image_139_e0b8419f.jpg,https://raw.githubusercontent.com/Coffice-Official/Coffice-Operating-Tool/main/cafe-image/image_139_e0b8419f.jpg?token=ACOL2533KIBLEHVATFUGAIDJBCZYO,2025-11-03 22:51:07
140,커피빈 강남대로센터점,image_140_5f51cc65.jpg,https://raw.githubusercontent.com/Coffice-Official/Coffice-Operating-Tool/main/cafe-image/image_140_5f51cc65.jpg?token=ACOL256JIWM3EBUXFBHOAJLJBCZYS,2025-11-03 22:51:09
141,가배도 신논현,image_141_14c8bd5a.jpg,https://raw.githubusercontent.com/Coffice-Official/Coffice-Operating-Tool/main/cafe-image/image_141_14c8bd5a.jpg?token=ACOL25YPIJVICOFCEWDOB2DJBCZYU,2025-11-03 22:51:10
142,커피빈 강남대로센터점,image_142_1f2b83cd.jpg,https://raw.githubusercontent.com/Coffice-Official/Coffice-Operating-Tool/main/cafe-image/image_142_1f2b83cd.jpg?token=ACOL25ZADQXLCVJDHSENQKLJBCZYY,2025-11-03 22:51:12
143,가배도 신논현,image_143_253aed7f.jpg,https://raw.githubusercontent.com/Coffice-Official/Coffice-Operating-Tool/main/cafe-image/image_143_253aed7f.jpg?token=ACOL25Y7GZZL5EYBNCOLOMLJBCZY4,2025-11-03 22:51:14
144,커피빈 강남대로센터점,image_144_4ebaea60.jpg,https://raw.githubusercontent.com/Coffice-Official/Coffice-Operating-Tool/main/cafe-image/image_144_4ebaea60.jpg?token=ACOL25YIYCN4INFG26MKDDTJBCZZC,2025-11-03 22:51:17
145,프레임 바이로찌,image_145_aabe4efc.jpg,https://raw.githubusercontent.com/Coffice-Official/Coffice-Operating-Tool/main/cafe-image/image_145_aabe4efc.jpg?token=ACOL253Z6LVSHEGIMHBENHLJBCZZI,2025-11-03 22:51:20
146,커피빈 강남대로센터점,image_146_83310fc0.jpg,https://raw.githubusercontent.com/Coffice-Official/Coffice-Operating-Tool/main/cafe-image/image_146_83310fc0.jpg?token=ACOL25ZDAA4UC6RFIHMM4XTJBCZZM,2025-11-03 22:51:22
147,프레임 바이로찌,image_147_5869506b.jpg,https://raw.githubusercontent.com/Coffice-Official/Coffice-Operating-Tool/main/cafe-image/image_147_5869506b.jpg?token=ACOL255LLBJMFFTFVCBQCHDJBCZZQ,2025-11-03 22:51:24
148,커피빈 강남대로센터점,image_148_9814973a.jpg,https://raw.githubusercontent.com/Coffice-Official/Coffice-Operating-Tool/main/cafe-image/image_148_9814973a.jpg?token=ACOL25ZWUTIDPFNHB235BF3JBCZZW,2025-11-03 22:51:27
149,프레임 바이로찌,image_149_8f3be767.jpg,https://raw.githubusercontent.com/Coffice-Official/Coffice-Operating-Tool/main/cafe-image/image_149_8f3be767.jpg?token=ACOL252MMBXIX3OCFAZL62DJBCZZ2,2025-11-03 22:51:29
150,프레임 바이로찌,image_150_26990df5.jpg,https://raw.githubusercontent.com/Coffice-Official/Coffice-Operating-Tool/main/cafe-image/image_150_26990df5.jpg?token=ACOL25Z3LHSJPPEEFBDCCP3JBCZZ4,2025-11-03 22:51:31
151,프레임 바이로찌,image_151_7f65b511.jpg,https://raw.githubusercontent.com/Coffice-Official/Coffice-Operating-Tool/main/cafe-image/image_151_7f65b511.jpg?token=ACOL257OZTL43SCT3CTKE6LJBCZ2A,2025-11-03 22:51:32
152,프레임 바이로찌,image_152_3faa6ca4.jpg,https://raw.githubusercontent.com/Coffice-Official/Coffice-Operating-Tool/main/cafe-image/image_152_3faa6ca4.jpg?token=ACOL25YZ7T6K3TPMVLH7SADJBCZ2E,2025-11-03 22:51:34
153,커피빈 신논현역점,image_153_471834cf.jpg,https://raw.githubusercontent.com/Coffice-Official/Coffice-Operating-Tool/main/cafe-image/image_153_471834cf.jpg?token=ACOL25Y4SGN5AX3BF6SUAUDJBCZ2I,2025-11-03 22:51:36
154,커피빈 신논현역점,image_154_cbd7a3f3.jpg,https://raw.githubusercontent.com/Coffice-Official/Coffice-Operating-Tool/main/cafe-image/image_154_cbd7a3f3.jpg?token=ACOL252BJK6Y7ATV2OSWES3JBCZ2M,2025-11-03 22:51:38
155,스타벅스 강남대로점,image_155_a1802d2b.jpg,https://raw.githubusercontent.com/Coffice-Official/Coffice-Operating-Tool/main/cafe-image/image_155_a1802d2b.jpg?token=ACOL252BUQ4H46XZ6HHTXVLJBCZ2O,2025-11-03 22:51:39
156,스타벅스 강남대로점,image_156_abd05144.jpg,https://raw.githubusercontent.com/Coffice-Official/Coffice-Operating-Tool/main/cafe-image/image_156_abd05144.jpg?token=ACOL257KYVNIQ3XRFK525OLJBCZ2S,2025-11-03 22:51:41
158,투썸플레이스 강남역아라타워점,image_158_17f1075b.jpg,https://raw.githubusercontent.com/Coffice-Official/Coffice-Operating-Tool/main/cafe-image/image_158_17f1075b.jpg,2025-11-03 22:51:45
159,투썸플레이스 강남역아라타워점,image_159_f9e1e6b0.jpg,https://raw.githubusercontent.com/Coffice-Official/Coffice-Operating-Tool/main/cafe-image/image_159_f9e1e6b0.jpg,2025-11-03 22:51:47
160,투썸플레이스 강남역아라타워점,image_160_897c7ceb.jpg,https://raw.githubusercontent.com/Coffice-Official/Coffice-Operating-Tool/main/cafe-image/image_160_897c7ceb.jpg,2025-11-03 22:51:50
161,스타벅스 강남역우송빌딩점,image_161_c7ec8cb6.jpg,https://raw.githubusercontent.com/Coffice-Official/Coffice-Operating-Tool/main/cafe-image/image_161_c7ec8cb6.jpg,2025-11-03 22:51:54
162,스타벅스 강남역우송빌딩점,image_162_4baa6c6b.jpg,https://raw.githubusercontent.com/Coffice-Official/Coffice-Operating-Tool/main/cafe-image/image_162_4baa6c6b.jpg,2025-11-03 22:51:57
163,박스프레소 강남직영점,image_163_7f9a431e.jpg,https://raw.githubusercontent.com/Coffice-Official/Coffice-Operating-Tool/main/cafe-image/image_163_7f9a431e.jpg,2025-11-03 22:51:59
164,박스프레소 강남직영점,image_164_547bd26a.png,https://raw.githubusercontent.com/Coffice-Official/Coffice-Operating-Tool/main/cafe-image/image_164_547bd26a.png,2025-11-03 22:52:01
165,커피빈 강남역GT타워옆점,image_165_19c41f0b.jpg,https://raw.githubusercontent.com/Coffice-Official/Coffice-Operating-Tool/main/cafe-image/image_165_19c41f0b.jpg,2025-11-03 22:52:05
166,커피빈 강남역GT타워옆점,image_166_047e9ba4.jpg,https://raw.githubusercontent.com/Coffice-Official/Coffice-Operating-Tool/main/cafe-image/image_166_047e9ba4.jpg,2025-11-03 22:52:07
168,엔제리너스 강남역점,image_168_e5f01bbd.jpg,https://raw.githubusercontent.com/Coffice-Official/Coffice-Operating-Tool/main/cafe-image/image_168_e5f01bbd.jpg,2025-11-03 22:52:10
169,투썸플레이스 강남KI타워점,image_169_39ed462d.jpg,https://raw.githubusercontent.com/Coffice-Official/Coffice-Operating-Tool/main/cafe-image/image_169_39ed462d.jpg,2025-11-03 22:52:12
170,투썸플레이스 강남KI타워점,image_170_e9115e61.jpg,https://raw.githubusercontent.com/Coffice-Official/Coffice-Operating-Tool/main/cafe-image/image_170_e9115e61.jpg,2025-11-03 22:52:13
171,투썸플레이스 강남KI타워점,image_171_3bdc1839.jpg,https://raw.githubusercontent.com/Coffice-Official/Coffice-Operating-Tool/main/cafe-image/image_171_3bdc1839.jpg,2025-11-03 22:52:15
172,아티제 강남점,image_172_652f3469.jpg,https://raw.githubusercontent.com/Coffice-Official/Coffice-Operating-Tool/main/cafe-image/image_172_652f3469.jpg,2025-11-03 22:52:16
173,투썸플레이스 강남KI타워점,image_173_6eb3c15f.jpg,https://raw.githubusercontent.com/Coffice-Official/Coffice-Operating-Tool/main/cafe-image/image_173_6eb3c15f.jpg,2025-11-03 22:52:18
174,아티제 강남점,image_174_076645af.jpg,https://raw.githubusercontent.com/Coffice-Official/Coffice-Operating-Tool/main/cafe-image/image_174_076645af.jpg,2025-11-03 22:52:20
175,투썸플레이스 강남KI타워점,image_175_363ad27c.jpg,https://raw.githubusercontent.com/Coffice-Official/Coffice-Operating-Tool/main/cafe-image/image_175_363ad27c.jpg,2025-11-03 22:52:22
176,아티제 강남점,image_176_e942be31.jpg,https://raw.githubusercontent.com/Coffice-Official/Coffice-Operating-Tool/main/cafe-image/image_176_e942be31.jpg,2025-11-03 22:52:24
177,커피빈 뉴교보타워옆점,image_177_e6a9eb48.jpg,https://raw.githubusercontent.com/Coffice-Official/Coffice-Operating-Tool/main/cafe-image/image_177_e6a9eb48.jpg,2025-11-03 22:52:26
178,커피빈 뉴교보타워옆점,image_178_7b3fcac1.jpg,https://raw.githubusercontent.com/Coffice-Official/Coffice-Operating-Tool/main/cafe-image/image_178_7b3fcac1.jpg,2025-11-03 22:52:28
179,커피빈 뉴교보타워옆점,image_179_20fe6b71.jpg,https://raw.githubusercontent.com/Coffice-Official/Coffice-Operating-Tool/main/cafe-image/image_179_20fe6b71.jpg,2025-11-03 22:52:32
180,아티제 강남점,image_180_bbfb875a.jpg,https://raw.githubusercontent.com/Coffice-Official/Coffice-Operating-Tool/main/cafe-image/image_180_bbfb875a.jpg,2025-11-03 22:52:35
181,커피빈 뉴교보타워옆점,image_181_dfcd0a4e.jpg,https://raw.githubusercontent.com/Coffice-Official/Coffice-Operating-Tool/main/cafe-image/image_181_dfcd0a4e.jpg,2025-11-03 22:52:38
182,아티제 강남점,image_182_84e3b757.jpg,https://raw.githubusercontent.com/Coffice-Official/Coffice-Operating-Tool/main/cafe-image/image_182_84e3b757.jpg,2025-11-03 22:52:40
183,커피빈 뉴교보타워옆점,image_183_810eeeff.jpg,https://raw.githubusercontent.com/Coffice-Official/Coffice-Operating-Tool/main/cafe-image/image_183_810eeeff.jpg,2025-11-03 22:52:42
184,스타벅스 강남교보타워R점,image_184_b1dbc679.jpg,https://raw.githubusercontent.com/Coffice-Official/Coffice-Operating-Tool/main/cafe-image/image_184_b1dbc679.jpg,2025-11-03 22:52:46
185,스타벅스 강남에비뉴점,image_185_4e45a4fa.jpg,https://raw.githubusercontent.com/Coffice-Official/Coffice-Operating-Tool/main/cafe-image/image_185_4e45a4fa.jpg,2025-11-03 22:52:49
186,스타벅스 강남교보타워R점,image_186_a157d293.jpg,https://raw.githubusercontent.com/Coffice-Official/Coffice-Operating-Tool/main/cafe-image/image_186_a157d293.jpg,2025-11-03 22:52:53
187,스타벅스 강남에비뉴점,image_187_8e503a75.jpg,https://raw.githubusercontent.com/Coffice-Official/Coffice-Operating-Tool/main/cafe-image/image_187_8e503a75.jpg,2025-11-03 22:52:56
188,스타벅스 강남교보타워R점,image_188_00eb90b4.jpg,https://raw.githubusercontent.com/Coffice-Official/Coffice-Operating-Tool/main/cafe-image/image_188_00eb90b4.jpg,2025-11-03 22:53:00
189,스타벅스 강남에비뉴점,image_189_81bdd982.jpg,https://raw.githubusercontent.com/Coffice-Official/Coffice-Operating-Tool/main/cafe-image/image_189_81bdd982.jpg,2025-11-03 22:53:02
190,투썸플레이스 교보타워사거리점,image_190_9f2b5144.jpg,https://raw.githubusercontent.com/Coffice-Official/Coffice-Operating-Tool/main/cafe-image/image_190_9f2b5144.jpg,2025-11-03 22:53:05
191,스타벅스 강남에비뉴점,image_191_3fed161d.jpg,https://raw.githubusercontent.com/Coffice-Official/Coffice-Operating-Tool/main/cafe-image/image_191_3fed161d.jpg,2025-11-03 22:53:08
192,투썸플레이스 교보타워사거리점,image_192_1a2d67c6.jpg,https://raw.githubusercontent.com/Coffice-Official/Coffice-Operating-Tool/main/cafe-image/image_192_1a2d67c6.jpg,2025-11-03 22:53:10
193,타짜도르 강남점,image_193_61728539.jpg,https://raw.githubusercontent.com/Coffice-Official/Coffice-Operating-Tool/main/cafe-image/image_193_61728539.jpg,2025-11-03 22:53:12
194,투썸플레이스 교보타워사거리점,image_194_96d84198.jpg,https://raw.githubusercontent.com/Coffice-Official/Coffice-Operating-Tool/main/cafe-image/image_194_96d84198.jpg,2025-11-03 22:53:16
195,타짜도르 강남점,image_195_6a70f491.jpg,https://raw.githubusercontent.com/Coffice-Official/Coffice-Operating-Tool/main/cafe-image/image_195_6a70f491.jpg,2025-11-03 22:53:19
196,바나프레소 신논현역점,image_196_a486ef9e.jpg,https://raw.githubusercontent.com/Coffice-Official/Coffice-Operating-Tool/main/cafe-image/image_196_a486ef9e.jpg,2025-11-03 22:53:22
197,타짜도르 강남점,image_197_a0e577c4.jpg,https://raw.githubusercontent.com/Coffice-Official/Coffice-Operating-Tool/main/cafe-image/image_197_a0e577c4.jpg,2025-11-03 22:53:24
198,바나프레소 신논현역점,image_198_c78b3bb3.jpg,https://raw.githubusercontent.com/Coffice-Official/Coffice-Operating-Tool/main/cafe-image/image_198_c78b3bb3.jpg,2025-11-03 22:53:26
199,타짜도르 강남점,image_199_d7e010ec.jpg,https://raw.githubusercontent.com/Coffice-Official/Coffice-Operating-Tool/main/cafe-image/image_199_d7e010ec.jpg,2025-11-03 22:53:29
200,바나프레소 신논현역점,image_200_81ae01b5.jpg,https://raw.githubusercontent.com/Coffice-Official/Coffice-Operating-Tool/main/cafe-image/image_200_81ae01b5.jpg,2025-11-03 22:53:32
201,타짜도르 강남점,image_201_1b24e84d.jpg,https://raw.githubusercontent.com/Coffice-Official/Coffice-Operating-Tool/main/cafe-image/image_201_1b24e84d.jpg,2025-11-03 22:53:34
202,바나프레소 신논현역점,image_202_3f77f599.jpg,https://raw.githubusercontent.com/Coffice-Official/Coffice-Operating-Tool/main/cafe-image/image_202_3f77f599.jpg,2025-11-03 22:53:35
203,타짜도르 강남점,image_203_91d25a60.jpg,https://raw.githubusercontent.com/Coffice-Official/Coffice-Operating-Tool/main/cafe-image/image_203_91d25a60.jpg,2025-11-03 22:53:38
204,바나프레소 신논현역점,image_204_e8c5df9c.jpg,https://raw.githubusercontent.com/Coffice-Official/Coffice-Operating-Tool/main/cafe-image/image_204_e8c5df9c.jpg,2025-11-03 22:53:41
205,바나프레소 신논현역점,image_205_62a761e3.jpg,https://raw.githubusercontent.com/Coffice-Official/Coffice-Operating-Tool/main/cafe-image/image_205_62a761e3.jpg,2025-11-03 22:53:42
206,타짜도르 강남점,image_206_9cab54c5.jpg,https://raw.githubusercontent.com/Coffice-Official/Coffice-Operating-Tool/main/cafe-image/image_206_9cab54c5.jpg,2025-11-03 22:53:44
207,타짜도르 강남점,image_207_56be684a.jpg,https://raw.githubusercontent.com/Coffice-Official/Coffice-Operating-Tool/main/cafe-image/image_207_56be684a.jpg,2025-11-03 22:53:46
208,아티제 강남점,image_208_c953329a.jpg,https://raw.githubusercontent.com/Coffice-Official/Coffice-Operating-Tool/main/cafe-image/image_208_c953329a.jpg,2025-11-03 22:53:47
209,해머스미스커피 강남교보점,image_209_dfe7f79f.jpg,https://raw.githubusercontent.com/Coffice-Official/Coffice-Operating-Tool/main/cafe-image/image_209_dfe7f79f.jpg,2025-11-03 22:53:50
210,아티제 강남점,image_210_a094d076.jpg,https://raw.githubusercontent.com/Coffice-Official/Coffice-Operating-Tool/main/cafe-image/image_210_a094d076.jpg,2025-11-03 22:53:52
211,해머스미스커피 강남교보점,image_211_aec23621.jpg,https://raw.githubusercontent.com/Coffice-Official/Coffice-Operating-Tool/main/cafe-image/image_211_aec23621.jpg,2025-11-03 22:53:55
212,해머스미스커피 강남교보점,image_212_46247e23.jpg,https://raw.githubusercontent.com/Coffice-Official/Coffice-Operating-Tool/main/cafe-image/image_212_46247e23.jpg,2025-11-03 22:53:58
213,해머스미스커피 강남교보점,image_213_3b464a7f.jpg,https://raw.githubusercontent.com/Coffice-Official/Coffice-Operating-Tool/main/cafe-image/image_213_3b464a7f.jpg,2025-11-03 22:53:59
214,해머스미스커피 강남교보점,image_214_9f29bc50.jpg,https://raw.githubusercontent.com/Coffice-Official/Coffice-Operating-Tool/main/cafe-image/image_214_9f29bc50.jpg,2025-11-03 22:54:01
215,해머스미스커피 강남교보점,image_215_093ee62f.jpg,https://raw.githubusercontent.com/Coffice-Official/Coffice-Operating-Tool/main/cafe-image/image_215_093ee62f.jpg,2025-11-03 22:54:04
216,해머스미스커피 강남교보점,image_216_e45db837.jpg,https://raw.githubusercontent.com/Coffice-Official/Coffice-Operating-Tool/main/cafe-image/image_216_e45db837.jpg,2025-11-03 22:54:06
218,스타벅스 강남서초초교점,image_218_42120a20.jpg,https://raw.githubusercontent.com/Coffice-Official/Coffice-Operating-Tool/main/cafe-image/image_218_42120a20.jpg,2025-11-03 22:54:09
219,스타벅스 강남서초초교점,image_219_8d7c0d8e.jpg,https://raw.githubusercontent.com/Coffice-Official/Coffice-Operating-Tool/main/cafe-image/image_219_8d7c0d8e.jpg,2025-11-03 22:54:11
220,해머스미스커피 강남교보점,image_220_0b83fe79.jpg,https://raw.githubusercontent.com/Coffice-Official/Coffice-Operating-Tool/main/cafe-image/image_220_0b83fe79.jpg,2025-11-03 22:54:14
221,스타벅스 강남서초초교점,image_221_445073e5.jpg,https://raw.githubusercontent.com/Coffice-Official/Coffice-Operating-Tool/main/cafe-image/image_221_445073e5.jpg,2025-11-03 22:54:18
222,빽다방 신논현역점,image_222_531e62e2.jpg,https://raw.githubusercontent.com/Coffice-Official/Coffice-Operating-Tool/main/cafe-image/image_222_531e62e2.jpg,2025-11-03 22:54:22
223,스타벅스 강남서초초교점,image_223_4131f7ca.jpg,https://raw.githubusercontent.com/Coffice-Official/Coffice-Operating-Tool/main/cafe-image/image_223_4131f7ca.jpg,2025-11-03 22:54:24
224,스타벅스 강남서초초교점,image_224_985f95bb.jpg,https://raw.githubusercontent.com/Coffice-Official/Coffice-Operating-Tool/main/cafe-image/image_224_985f95bb.jpg,2025-11-03 22:54:26
225,스타벅스 강남교보타워R점,image_225_a446964f.jpg,https://raw.githubusercontent.com/Coffice-Official/Coffice-Operating-Tool/main/cafe-image/image_225_a446964f.jpg,2025-11-03 22:54:29
226,스타벅스 강남교보타워R점,image_226_24d25f21.jpg,https://raw.githubusercontent.com/Coffice-Official/Coffice-Operating-Tool/main/cafe-image/image_226_24d25f21.jpg,2025-11-03 22:54:33
228,투썸플레이스 교보타워사거리점,image_228_920f5456.jpg,https://raw.githubusercontent.com/Coffice-Official/Coffice-Operating-Tool/main/cafe-image/image_228_920f5456.jpg,2025-11-03 22:54:35
229,투썸플레이스 교보타워사거리점,image_229_b14761e2.jpg,https://raw.githubusercontent.com/Coffice-Official/Coffice-Operating-Tool/main/cafe-image/image_229_b14761e2.jpg,2025-11-03 22:54:37
234,빽다방 신논현역점,image_234_67ad03cd.jpg,https://raw.githubusercontent.com/Coffice-Official/Coffice-Operating-Tool/main/cafe-image/image_234_67ad03cd.jpg,2025-11-03 22:54:40
235,베이커리로컬 강남역점,image_235_505a8741.jpg,https://raw.githubusercontent.com/Coffice-Official/Coffice-Operating-Tool/main/cafe-image/image_235_505a8741.jpg,2025-11-03 22:54:42
236,빽다방 신논현역점,image_236_567aecfe.jpg,https://raw.githubusercontent.com/Coffice-Official/Coffice-Operating-Tool/main/cafe-image/image_236_567aecfe.jpg,2025-11-03 22:54:45
237,베이커리로컬 강남역점,image_237_b0995737.jpg,https://raw.githubusercontent.com/Coffice-Official/Coffice-Operating-Tool/main/cafe-image/image_237_b0995737.jpg,2025-11-03 22:54:48
238,빽다방 신논현역점,image_238_de91a820.jpg,https://raw.githubusercontent.com/Coffice-Official/Coffice-Operating-Tool/main/cafe-image/image_238_de91a820.jpg,2025-11-03 22:54:52
239,베이커리로컬 강남역점,image_239_5071d2b1.jpg,https://raw.githubusercontent.com/Coffice-Official/Coffice-Operating-Tool/main/cafe-image/image_239_5071d2b1.jpg,2025-11-03 22:54:53
241,베이커리로컬 강남역점,image_241_76ae3b7f.jpg,https://raw.githubusercontent.com/Coffice-Official/Coffice-Operating-Tool/main/cafe-image/image_241_76ae3b7f.jpg,2025-11-03 22:54:57
242,베이커리로컬 강남역점,image_242_a12c665a.jpeg,https://raw.githubusercontent.com/Coffice-Official/Coffice-Operating-Tool/main/cafe-image/image_242_a12c665a.jpeg,2025-11-03 22:55:00
243,베이커리로컬 강남역점,image_243_bbbc7bf3.jpg,https://raw.githubusercontent.com/Coffice-Official/Coffice-Operating-Tool/main/cafe-image/image_243_bbbc7bf3.jpg,2025-11-03 22:55:02
244,빽다방 신논현역점,image_244_858cbddf.jpg,https://raw.githubusercontent.com/Coffice-Official/Coffice-Operating-Tool/main/cafe-image/image_244_858cbddf.jpg,2025-11-03 22:55:05
245,투썸플레이스 사당역로데오점,image_245_0994389a.jpg,https://raw.githubusercontent.com/Coffice-Official/Coffice-Operating-Tool/main/cafe-image/image_245_0994389a.jpg,2025-11-03 22:55:06
246,셀렉토커피 신논현점,image_246_109ba8d2.jpg,https://raw.githubusercontent.com/Coffice-Official/Coffice-Operating-Tool/main/cafe-image/image_246_109ba8d2.jpg,2025-11-03 22:55:08
247,투썸플레이스 사당역로데오점,image_247_563cf204.jpg,https://raw.githubusercontent.com/Coffice-Official/Coffice-Operating-Tool/main/cafe-image/image_247_563cf204.jpg,2025-11-03 22:55:11
248,셀렉토커피 신논현점,image_248_7dd47e59.jpg,https://raw.githubusercontent.com/Coffice-Official/Coffice-Operating-Tool/main/cafe-image/image_248_7dd47e59.jpg,2025-11-03 22:55:13
249,투썸플레이스 사당역로데오점,image_249_64a41346.jpg,https://raw.githubusercontent.com/Coffice-Official/Coffice-Operating-Tool/main/cafe-image/image_249_64a41346.jpg,2025-11-03 22:55:15
250,셀렉토커피 신논현점,image_250_f4f6a596.jpg,https://raw.githubusercontent.com/Coffice-Official/Coffice-Operating-Tool/main/cafe-image/image_250_f4f6a596.jpg,2025-11-03 22:55:19
251,아임일리터 광명하안점,image_251_d7532469.jpg,https://raw.githubusercontent.com/Coffice-Official/Coffice-Operating-Tool/main/cafe-image/image_251_d7532469.jpg,2025-11-03 22:55:21
252,셀렉토커피 신논현점,image_252_1adc9499.jpg,https://raw.githubusercontent.com/Coffice-Official/Coffice-Operating-Tool/main/cafe-image/image_252_1adc9499.jpg,2025-11-03 22:55:24
253,아임일리터 광명하안점,image_253_bca4414a.jpg,https://raw.githubusercontent.com/Coffice-Official/Coffice-Operating-Tool/main/cafe-image/image_253_bca4414a.jpg,2025-11-03 22:55:26
254,셀렉토커피 신논현점,image_254_68a0319c.jpg,https://raw.githubusercontent.com/Coffice-Official/Coffice-Operating-Tool/main/cafe-image/image_254_68a0319c.jpg,2025-11-03 22:55:29
255,아임일리터 광명하안점,image_255_d6ac8d09.jpg,https://raw.githubusercontent.com/Coffice-Official/Coffice-Operating-Tool/main/cafe-image/image_255_d6ac8d09.jpg,2025-11-03 22:55:31
256,스타벅스 신논현역점,image_256_566f0a55.jpeg,https://raw.githubusercontent.com/Coffice-Official/Coffice-Operating-Tool/main/cafe-image/image_256_566f0a55.jpeg,2025-11-03 22:55:35
258,스타벅스 신논현역점,image_258_ca9b39c9.jpeg,https://raw.githubusercontent.com/Coffice-Official/Coffice-Operating-Tool/main/cafe-image/image_258_ca9b39c9.jpeg,2025-11-03 22:55:37
260,스타벅스 신논현역점,image_260_938d0d4e.jpeg,https://raw.githubusercontent.com/Coffice-Official/Coffice-Operating-Tool/main/cafe-image/image_260_938d0d4e.jpeg,2025-11-03 22:55:39
262,스타벅스 신논현역점,image_262_76f36a29.jpeg,https://raw.githubusercontent.com/Coffice-Official/Coffice-Operating-Tool/main/cafe-image/image_262_76f36a29.jpeg,2025-11-03 22:55:43
263,투썸플레이스 광명철산점,image_263_27f20c8d.jpg,https://raw.githubusercontent.com/Coffice-Official/Coffice-Operating-Tool/main/cafe-image/image_263_27f20c8d.jpg,2025-11-03 22:55:45
264,투썸플레이스 광명철산점,image_264_0cbc5d49.jpg,https://raw.githubusercontent.com/Coffice-Official/Coffice-Operating-Tool/main/cafe-image/image_264_0cbc5d49.jpg,2025-11-03 22:55:47
265,투썸플레이스 광명철산점,image_265_64146213.jpg,https://raw.githubusercontent.com/Coffice-Official/Coffice-Operating-Tool/main/cafe-image/image_265_64146213.jpg,2025-11-03 22:55:48
266,공차 강남글라스점,image_266_65034af0.jpg,https://raw.githubusercontent.com/Coffice-Official/Coffice-Operating-Tool/main/cafe-image/image_266_65034af0.jpg,2025-11-03 22:55:52
267,투썸플레이스 광명하안점,image_267_280fbc97.jpg,https://raw.githubusercontent.com/Coffice-Official/Coffice-Operating-Tool/main/cafe-image/image_267_280fbc97.jpg,2025-11-03 22:55:54
268,투썸플레이스 광명하안점,image_268_b353db64.jpg,https://raw.githubusercontent.com/Coffice-Official/Coffice-Operating-Tool/main/cafe-image/image_268_b353db64.jpg,2025-11-03 22:55:55
269,공차 강남글라스점,image_269_8380d91b.jpg,https://raw.githubusercontent.com/Coffice-Official/Coffice-Operating-Tool/main/cafe-image/image_269_8380d91b.jpg,2025-11-03 22:55:57
271,투썸플레이스 광명하안점,image_271_1efc33ea.jpg,https://raw.githubusercontent.com/Coffice-Official/Coffice-Operating-Tool/main/cafe-image/image_271_1efc33ea.jpg,2025-11-03 22:55:59
273,할리스 공덕점,image_273_2adac448.jpg,https://raw.githubusercontent.com/Coffice-Official/Coffice-Operating-Tool/main/cafe-image/image_273_2adac448.jpg,2025-11-03 22:56:00
275,할리스 공덕점,image_275_d309e9a6.jpg,https://raw.githubusercontent.com/Coffice-Official/Coffice-Operating-Tool/main/cafe-image/image_275_d309e9a6.jpg,2025-11-03 22:56:03
276,평화다방 강남역점,image_276_f78d07b4.jpg,https://raw.githubusercontent.com/Coffice-Official/Coffice-Operating-Tool/main/cafe-image/image_276_f78d07b4.jpg,2025-11-03 22:56:06
277,할리스 공덕점,image_277_cfeefe0a.jpg,https://raw.githubusercontent.com/Coffice-Official/Coffice-Operating-Tool/main/cafe-image/image_277_cfeefe0a.jpg,2025-11-03 22:56:08
278,평화다방 강남역점,image_278_269b9d8b.jpg,https://raw.githubusercontent.com/Coffice-Official/Coffice-Operating-Tool/main/cafe-image/image_278_269b9d8b.jpg,2025-11-03 22:56:11
279,프롬헤라스 도산 플래그십 스토어,image_279_840e158e.jpg,https://raw.githubusercontent.com/Coffice-Official/Coffice-Operating-Tool/main/cafe-image/image_279_840e158e.jpg,2025-11-03 22:56:12
280,빈스플,image_280_5c638f4f.jpg,https://raw.githubusercontent.com/Coffice-Official/Coffice-Operating-Tool/main/cafe-image/image_280_5c638f4f.jpg,2025-11-03 22:56:16
281,프롬헤라스 도산 플래그십 스토어,image_281_2dd63b6c.jpg,https://raw.githubusercontent.com/Coffice-Official/Coffice-Operating-Tool/main/cafe-image/image_281_2dd63b6c.jpg,2025-11-03 22:56:17
283,프롬헤라스 도산 플래그십 스토어,image_283_a961d242.jpg,https://raw.githubusercontent.com/Coffice-Official/Coffice-Operating-Tool/main/cafe-image/image_283_a961d242.jpg,2025-11-03 22:56:19
285,프롬헤라스 도산 플래그십 스토어,image_285_d4c6d6ff.jpg,https://raw.githubusercontent.com/Coffice-Official/Coffice-Operating-Tool/main/cafe-image/image_285_d4c6d6ff.jpg,2025-11-03 22:56:20
287,프롬헤라스 도산 플래그십 스토어,image_287_d71d677c.jpg,https://raw.githubusercontent.com/Coffice-Official/Coffice-Operating-Tool/main/cafe-image/image_287_d71d677c.jpg,2025-11-03 22:56:22
289,프롬헤라스 도산 플래그십 스토어,image_289_310bfb4f.jpg,https://raw.githubusercontent.com/Coffice-Official/Coffice-Operating-Tool/main/cafe-image/image_289_310bfb4f.jpg,2025-11-03 22:56:23
290,프롬헤라스 도산 플래그십 스토어,image_290_3089c821.jpg,https://raw.githubusercontent.com/Coffice-Official/Coffice-Operating-Tool/main/cafe-image/image_290_3089c821.jpg,2025-11-03 22:56:24
291,스타벅스 강남삼성타운점,image_291_f7160666.jpg,https://raw.githubusercontent.com/Coffice-Official/Coffice-Operating-Tool/main/cafe-image/image_291_f7160666.jpg,2025-11-03 22:56:26
292,스타벅스 강남삼성타운점,image_292_42cff7a8.jpg,https://raw.githubusercontent.com/Coffice-Official/Coffice-Operating-Tool/main/cafe-image/image_292_42cff7a8.jpg,2025-11-03 22:56:27
294,스크렘,image_294_73d301f3.jpg,https://raw.githubusercontent.com/Coffice-Official/Coffice-Operating-Tool/main/cafe-image/image_294_73d301f3.jpg,2025-11-03 22:56:31
296,커피빈 신논현역점,image_296_e86c660c.jpg,https://raw.githubusercontent.com/Coffice-Official/Coffice-Operating-Tool/main/cafe-image/image_296_e86c660c.jpg,2025-11-03 22:56:34
297,커피빈 신논현역점,image_297_926e64fb.jpg,https://raw.githubusercontent.com/Coffice-Official/Coffice-Operating-Tool/main/cafe-image/image_297_926e64fb.jpg,2025-11-03 22:56:37
298,커피빈 신논현역점,image_298_c5239bfc.jpg,https://raw.githubusercontent.com/Coffice-Official/Coffice-Operating-Tool/main/cafe-image/image_298_c5239bfc.jpg,2025-11-03 22:56:40
299,커피빈 신논현역점,image_299_75e6a8f9.jpg,https://raw.githubusercontent.com/Coffice-Official/Coffice-Operating-Tool/main/cafe-image/image_299_75e6a8f9.jpg,2025-11-03 22:56:44
302,투썸플레이스 강남역아라타워점,image_302_7576bffe.jpg,https://raw.githubusercontent.com/Coffice-Official/Coffice-Operating-Tool/main/cafe-image/image_302_7576bffe.jpg,2025-11-03 22:56:47
303,투썸플레이스 강남역아라타워점,image_303_cc8c248b.jpg,https://raw.githubusercontent.com/Coffice-Official/Coffice-Operating-Tool/main/cafe-image/image_303_cc8c248b.jpg,2025-11-03 22:56:50
304,스타벅스 강남삼성타운점,image_304_bc14eaf6.jpg,https://raw.githubusercontent.com/Coffice-Official/Coffice-Operating-Tool/main/cafe-image/image_304_bc14eaf6.jpg,2025-11-03 22:56:52
305,투썸플레이스 성수skv타워점,image_305_eeffc544.jpg,https://raw.githubusercontent.com/Coffice-Official/Coffice-Operating-Tool/main/cafe-image/image_305_eeffc544.jpg,2025-11-03 22:56:53
306,투썸플레이스 성수skv타워점,image_306_b9667200.jpg,https://raw.githubusercontent.com/Coffice-Official/Coffice-Operating-Tool/main/cafe-image/image_306_b9667200.jpg,2025-11-03 22:56:54
307,투썸플레이스 성수skv타워점,image_307_bd0c6bf8.jpg,https://raw.githubusercontent.com/Coffice-Official/Coffice-Operating-Tool/main/cafe-image/image_307_bd0c6bf8.jpg,2025-11-03 22:56:55
309,투썸플레이스 성수skv타워점,image_309_f2ea9f5a.jpg,https://raw.githubusercontent.com/Coffice-Official/Coffice-Operating-Tool/main/cafe-image/image_309_f2ea9f5a.jpg,2025-11-03 22:56:57
310,스타벅스 강남역우송빌딩점,image_310_e0d00aa0.jpg,https://raw.githubusercontent.com/Coffice-Official/Coffice-Operating-Tool/main/cafe-image/image_310_e0d00aa0.jpg,2025-11-03 22:57:00
311,투썸플레이스 성수skv타워점,image_311_dd3dfd44.jpg,https://raw.githubusercontent.com/Coffice-Official/Coffice-Operating-Tool/main/cafe-image/image_311_dd3dfd44.jpg,2025-11-03 22:57:01
312,스타벅스 강남역우송빌딩점,image_312_ad4e37d0.jpg,https://raw.githubusercontent.com/Coffice-Official/Coffice-Operating-Tool/main/cafe-image/image_312_ad4e37d0.jpg,2025-11-03 22:57:05
313,스타벅스 강남역우송빌딩점,image_313_f5b1484c.jpg,https://raw.githubusercontent.com/Coffice-Official/Coffice-Operating-Tool/main/cafe-image/image_313_f5b1484c.jpg,2025-11-03 22:57:08
314,할리스 구로디지털단지역점,image_314_6c1054c9.jpg,https://raw.githubusercontent.com/Coffice-Official/Coffice-Operating-Tool/main/cafe-image/image_314_6c1054c9.jpg,2025-11-03 22:57:10
316,할리스 구로디지털단지역점,image_316_d77d2433.jpg,https://raw.githubusercontent.com/Coffice-Official/Coffice-Operating-Tool/main/cafe-image/image_316_d77d2433.jpg,2025-11-03 22:57:11
317,커피빈 강남역GT타워옆점,image_317_4cc47f3b.jpg,https://raw.githubusercontent.com/Coffice-Official/Coffice-Operating-Tool/main/cafe-image/image_317_4cc47f3b.jpg,2025-11-03 22:57:15
318,할리스 구로디지털단지역점,image_318_55fd4a30.jpg,https://raw.githubusercontent.com/Coffice-Official/Coffice-Operating-Tool/main/cafe-image/image_318_55fd4a30.jpg,2025-11-03 22:57:16
319,커피빈 강남역GT타워옆점,image_319_060e76fe.jpg,https://raw.githubusercontent.com/Coffice-Official/Coffice-Operating-Tool/main/cafe-image/image_319_060e76fe.jpg,2025-11-03 22:57:20
320,스타벅스 가산에스케이점,image_320_93c10aa9.jpg,https://raw.githubusercontent.com/Coffice-Official/Coffice-Operating-Tool/main/cafe-image/image_320_93c10aa9.jpg,2025-11-03 22:57:21
321,커피빈 강남역GT타워옆점,image_321_f6bcfd77.jpg,https://raw.githubusercontent.com/Coffice-Official/Coffice-Operating-Tool/main/cafe-image/image_321_f6bcfd77.jpg,2025-11-03 22:57:25
322,엔제리너스 강남역점,image_322_22624e46.jpg,https://raw.githubusercontent.com/Coffice-Official/Coffice-Operating-Tool/main/cafe-image/image_322_22624e46.jpg,2025-11-03 22:57:28
323,스타벅스 가산에스케이점,image_323_87e27155.jpg,https://raw.githubusercontent.com/Coffice-Official/Coffice-Operating-Tool/main/cafe-image/image_323_87e27155.jpg,2025-11-03 22:57:30
324,엔제리너스 강남역점,image_324_5b99bbec.jpg,https://raw.githubusercontent.com/Coffice-Official/Coffice-Operating-Tool/main/cafe-image/image_324_5b99bbec.jpg,2025-11-03 22:57:32
325,스타벅스 가산에스케이점,image_325_b1673d0a.jpg,https://raw.githubusercontent.com/Coffice-Official/Coffice-Operating-Tool/main/cafe-image/image_325_b1673d0a.jpg,2025-11-03 22:57:34
326,엔제리너스 강남역점,image_326_7c374dfa.jpg,https://raw.githubusercontent.com/Coffice-Official/Coffice-Operating-Tool/main/cafe-image/image_326_7c374dfa.jpg,2025-11-03 22:57:37
327,스타벅스 국기원사거리점,image_327_63fd3c14.jpg,https://raw.githubusercontent.com/Coffice-Official/Coffice-Operating-Tool/main/cafe-image/image_327_63fd3c14.jpg,2025-11-03 22:57:38
328,할리스 가산디지털단지점,image_328_3d092cec.jpg,https://raw.githubusercontent.com/Coffice-Official/Coffice-Operating-Tool/main/cafe-image/image_328_3d092cec.jpg,2025-11-03 22:57:40
329,할리스 가산디지털단지점,image_329_d8aaa6c5.jpg,https://raw.githubusercontent.com/Coffice-Official/Coffice-Operating-Tool/main/cafe-image/image_329_d8aaa6c5.jpg,2025-11-03 22:57:41
330,할리스 가산디지털단지점,image_330_937ee4b1.jpg,https://raw.githubusercontent.com/Coffice-Official/Coffice-Operating-Tool/main/cafe-image/image_330_937ee4b1.jpg,2025-11-03 22:57:42
331,투썸플레이스 합정메세나폴리스점,image_331_98137bdd.jpg,https://raw.githubusercontent.com/Coffice-Official/Coffice-Operating-Tool/main/cafe-image/image_331_98137bdd.jpg,2025-11-03 22:57:44
332,투썸플레이스 합정메세나폴리스점,image_332_5a6d963f.jpg,https://raw.githubusercontent.com/Coffice-Official/Coffice-Operating-Tool/main/cafe-image/image_332_5a6d963f.jpg,2025-11-03 22:57:45
333,투썸플레이스 합정메세나폴리스점,image_333_f35f1d56.jpg,https://raw.githubusercontent.com/Coffice-Official/Coffice-Operating-Tool/main/cafe-image/image_333_f35f1d56.jpg,2025-11-03 22:57:46
334,투썸플레이스 합정메세나폴리스점,image_334_da764d5f.jpg,https://raw.githubusercontent.com/Coffice-Official/Coffice-Operating-Tool/main/cafe-image/image_334_da764d5f.jpg,2025-11-03 22:57:48
335,투썸플레이스 합정메세나폴리스점,image_335_fcd0bc1e.jpg,https://raw.githubusercontent.com/Coffice-Official/Coffice-Operating-Tool/main/cafe-image/image_335_fcd0bc1e.jpg,2025-11-03 22:57:49
336,투썸플레이스 합정메세나폴리스점,image_336_fd93ec57.jpg,https://raw.githubusercontent.com/Coffice-Official/Coffice-Operating-Tool/main/cafe-image/image_336_fd93ec57.jpg,2025-11-03 22:57:50
337,호랑가시,image_337_95f94076.jpg,https://raw.githubusercontent.com/Coffice-Official/Coffice-Operating-Tool/main/cafe-image/image_337_95f94076.jpg,2025-11-03 22:57:54
338,투썸플레이스 합정메세나폴리스점,image_338_6d7cc7a3.jpg,https://raw.githubusercontent.com/Coffice-Official/Coffice-Operating-Tool/main/cafe-image/image_338_6d7cc7a3.jpg,2025-11-03 22:57:55
339,호랑가시,image_339_a2a6a4fc.jpg,https://raw.githubusercontent.com/Coffice-Official/Coffice-Operating-Tool/main/cafe-image/image_339_a2a6a4fc.jpg,2025-11-03 22:57:58
340,투썸플레이스 합정메세나폴리스점,image_340_fac2a829.jpg,https://raw.githubusercontent.com/Coffice-Official/Coffice-Operating-Tool/main/cafe-image/image_340_fac2a829.jpg,2025-11-03 22:58:00
341,호랑가시,image_341_9e60dc1a.jpg,https://raw.githubusercontent.com/Coffice-Official/Coffice-Operating-Tool/main/cafe-image/image_341_9e60dc1a.jpg,2025-11-03 22:58:03
342,투썸플레이스 구로디지털역 깔깔거리점,image_342_f3414c76.jpg,https://raw.githubusercontent.com/Coffice-Official/Coffice-Operating-Tool/main/cafe-image/image_342_f3414c76.jpg,2025-11-03 22:58:05
343,호랑가시,image_343_1c719b9d.jpg,https://raw.githubusercontent.com/Coffice-Official/Coffice-Operating-Tool/main/cafe-image/image_343_1c719b9d.jpg,2025-11-03 22:58:09
344,투썸플레이스 구로디지털역 깔깔거리점,image_344_79549528.jpg,https://raw.githubusercontent.com/Coffice-Official/Coffice-Operating-Tool/main/cafe-image/image_344_79549528.jpg,2025-11-03 22:58:11
345,호랑가시,image_345_c04a38a2.jpg,https://raw.githubusercontent.com/Coffice-Official/Coffice-Operating-Tool/main/cafe-image/image_345_c04a38a2.jpg,2025-11-03 22:58:14
346,투썸플레이스 구로디지털역 깔깔거리점,image_346_905b0b99.jpg,https://raw.githubusercontent.com/Coffice-Official/Coffice-Operating-Tool/main/cafe-image/image_346_905b0b99.jpg,2025-11-03 22:58:15
347,아티제 신촌역점,image_347_b0ba4ca7.jpg,https://raw.githubusercontent.com/Coffice-Official/Coffice-Operating-Tool/main/cafe-image/image_347_b0ba4ca7.jpg,2025-11-03 22:58:19
348,엔제리너스 구로디지털역점,image_348_30b3db13.jpg,https://raw.githubusercontent.com/Coffice-Official/Coffice-Operating-Tool/main/cafe-image/image_348_30b3db13.jpg,2025-11-03 22:58:22
349,아티제 신촌역점,image_349_5a804760.jpg,https://raw.githubusercontent.com/Coffice-Official/Coffice-Operating-Tool/main/cafe-image/image_349_5a804760.jpg,2025-11-03 22:58:24
350,엔제리너스 구로디지털역점,image_350_4d8d2336.jpg,https://raw.githubusercontent.com/Coffice-Official/Coffice-Operating-Tool/main/cafe-image/image_350_4d8d2336.jpg,2025-11-03 22:58:26
351,아티제 신촌역점,image_351_f02ed59e.jpg,https://raw.githubusercontent.com/Coffice-Official/Coffice-Operating-Tool/main/cafe-image/image_351_f02ed59e.jpg,2025-11-03 22:58:29
352,엔제리너스 구로디지털역점,image_352_91e3eaf8.jpg,https://raw.githubusercontent.com/Coffice-Official/Coffice-Operating-Tool/main/cafe-image/image_352_91e3eaf8.jpg,2025-11-03 22:58:31
353,아티제 신촌역점,image_353_d21c9910.jpg,https://raw.githubusercontent.com/Coffice-Official/Coffice-Operating-Tool/main/cafe-image/image_353_d21c9910.jpg,2025-11-03 22:58:35
354,가배도 시청점,image_354_9893172b.jpg,https://raw.githubusercontent.com/Coffice-Official/Coffice-Operating-Tool/main/cafe-image/image_354_9893172b.jpg,2025-11-03 22:58:37
355,아티제 신촌역점,image_355_2331d301.jpg,https://raw.githubusercontent.com/Coffice-Official/Coffice-Operating-Tool/main/cafe-image/image_355_2331d301.jpg,2025-11-03 22:58:41
356,가배도 시청점,image_356_b4069b95.jpg,https://raw.githubusercontent.com/Coffice-Official/Coffice-Operating-Tool/main/cafe-image/image_356_b4069b95.jpg,2025-11-03 22:58:45
357,아티제 신촌역점,image_357_f2b215af.jpg,https://raw.githubusercontent.com/Coffice-Official/Coffice-Operating-Tool/main/cafe-image/image_357_f2b215af.jpg,2025-11-03 22:58:48
358,가배도 시청점,image_358_ef713ee3.jpg,https://raw.githubusercontent.com/Coffice-Official/Coffice-Operating-Tool/main/cafe-image/image_358_ef713ee3.jpg,2025-11-03 22:58:51
359,티프 합정,image_359_939d4e1a.jpg,https://raw.githubusercontent.com/Coffice-Official/Coffice-Operating-Tool/main/cafe-image/image_359_939d4e1a.jpg,2025-11-03 22:58:53
360,가배도 시청점,image_360_b899d672.jpg,https://raw.githubusercontent.com/Coffice-Official/Coffice-Operating-Tool/main/cafe-image/image_360_b899d672.jpg,2025-11-03 22:58:56
361,티프 합정,image_361_4d05706c.jpg,https://raw.githubusercontent.com/Coffice-Official/Coffice-Operating-Tool/main/cafe-image/image_361_4d05706c.jpg,2025-11-03 22:58:58
362,가배도 시청점,image_362_c49759a9.jpg,https://raw.githubusercontent.com/Coffice-Official/Coffice-Operating-Tool/main/cafe-image/image_362_c49759a9.jpg,2025-11-03 22:59:01
363,티프 합정,image_363_10bcabf0.jpg,https://raw.githubusercontent.com/Coffice-Official/Coffice-Operating-Tool/main/cafe-image/image_363_10bcabf0.jpg,2025-11-03 22:59:04
364,가배도 시청점,image_364_56b47d66.jpg,https://raw.githubusercontent.com/Coffice-Official/Coffice-Operating-Tool/main/cafe-image/image_364_56b47d66.jpg,2025-11-03 22:59:06
365,티프 합정,image_365_4f488571.jpg,https://raw.githubusercontent.com/Coffice-Official/Coffice-Operating-Tool/main/cafe-image/image_365_4f488571.jpg,2025-11-03 22:59:08
366,가배도 시청점,image_366_776ab57a.jpg,https://raw.githubusercontent.com/Coffice-Official/Coffice-Operating-Tool/main/cafe-image/image_366_776ab57a.jpg,2025-11-03 22:59:12
367,티프 합정,image_367_da464257.jpg,https://raw.githubusercontent.com/Coffice-Official/Coffice-Operating-Tool/main/cafe-image/image_367_da464257.jpg,2025-11-03 22:59:13
368,가배도 시청점,image_368_f46d1ba2.jpg,https://raw.githubusercontent.com/Coffice-Official/Coffice-Operating-Tool/main/cafe-image/image_368_f46d1ba2.jpg,2025-11-03 22:59:15
369,티프 합정,image_369_3c5478b9.jpg,https://raw.githubusercontent.com/Coffice-Official/Coffice-Operating-Tool/main/cafe-image/image_369_3c5478b9.jpg,2025-11-03 22:59:16
370,티프 합정,image_370_3f0d066f.jpg,https://raw.githubusercontent.com/Coffice-Official/Coffice-Operating-Tool/main/cafe-image/image_370_3f0d066f.jpg,2025-11-03 22:59:19
371,기투커피로스터스,image_371_9d0f338a.jpg,https://raw.githubusercontent.com/Coffice-Official/Coffice-Operating-Tool/main/cafe-image/image_371_9d0f338a.jpg,2025-11-03 22:59:23
373,기투커피로스터스,image_373_99d36af1.jpg,https://raw.githubusercontent.com/Coffice-Official/Coffice-Operating-Tool/main/cafe-image/image_373_99d36af1.jpg,2025-11-03 22:59:26
375,기투커피로스터스,image_375_562d9370.jpg,https://raw.githubusercontent.com/Coffice-Official/Coffice-Operating-Tool/main/cafe-image/image_375_562d9370.jpg,2025-11-03 22:59:31
377,기투커피로스터스,image_377_cd7325fb.jpg,https://raw.githubusercontent.com/Coffice-Official/Coffice-Operating-Tool/main/cafe-image/image_377_cd7325fb.jpg,2025-11-03 22:59:33
379,기투커피로스터스,image_379_8ee86411.jpg,https://raw.githubusercontent.com/Coffice-Official/Coffice-Operating-Tool/main/cafe-image/image_379_8ee86411.jpg,2025-11-03 22:59:37
381,기투커피로스터스,image_381_5fcbcfb5.jpg,https://raw.githubusercontent.com/Coffice-Official/Coffice-Operating-Tool/main/cafe-image/image_381_5fcbcfb5.jpg,2025-11-03 22:59:40
383,기투커피로스터스,image_383_02c89f2c.jpg,https://raw.githubusercontent.com/Coffice-Official/Coffice-Operating-Tool/main/cafe-image/image_383_02c89f2c.jpg,2025-11-03 22:59:42
385,기투커피로스터스,image_385_6b80b64e.jpg,https://raw.githubusercontent.com/Coffice-Official/Coffice-Operating-Tool/main/cafe-image/image_385_6b80b64e.jpg,2025-11-03 22:59:45
387,프랭크커핀바 잠실점,image_387_67390d66.jpg,https://raw.githubusercontent.com/Coffice-Official/Coffice-Operating-Tool/main/cafe-image/image_387_67390d66.jpg,2025-11-03 22:59:48
389,프랭크커핀바 잠실점,image_389_b87cf0fe.jpg,https://raw.githubusercontent.com/Coffice-Official/Coffice-Operating-Tool/main/cafe-image/image_389_b87cf0fe.jpg,2025-11-03 22:59:52
390,공덕로스터리,image_390_ae710f3e.jpg,https://raw.githubusercontent.com/Coffice-Official/Coffice-Operating-Tool/main/cafe-image/image_390_ae710f3e.jpg,2025-11-03 22:59:55
391,프랭크커핀바 잠실점,image_391_f41ccf2c.jpg,https://raw.githubusercontent.com/Coffice-Official/Coffice-Operating-Tool/main/cafe-image/image_391_f41ccf2c.jpg,2025-11-03 22:59:58
392,공덕로스터리,image_392_9f7a7b4b.jpg,https://raw.githubusercontent.com/Coffice-Official/Coffice-Operating-Tool/main/cafe-image/image_392_9f7a7b4b.jpg,2025-11-03 23:00:03
393,프랭크커핀바 잠실점,image_393_a01efb2f.jpg,https://raw.githubusercontent.com/Coffice-Official/Coffice-Operating-Tool/main/cafe-image/image_393_a01efb2f.jpg,2025-11-03 23:00:07
394,공덕로스터리,image_394_95da9338.jpg,https://raw.githubusercontent.com/Coffice-Official/Coffice-Operating-Tool/main/cafe-image/image_394_95da9338.jpg,2025-11-03 23:00:10
395,프랭크커핀바 잠실점,image_395_97a919cb.jpg,https://raw.githubusercontent.com/Coffice-Official/Coffice-Operating-Tool/main/cafe-image/image_395_97a919cb.jpg,2025-11-03 23:00:13
397,프랭크커핀바 잠실점,image_397_8bd82f50.jpg,https://raw.githubusercontent.com/Coffice-Official/Coffice-Operating-Tool/main/cafe-image/image_397_8bd82f50.jpg,2025-11-03 23:00:17
398,빌리프커피로스터스,image_398_a42a8d6e.jpg,https://raw.githubusercontent.com/Coffice-Official/Coffice-Operating-Tool/main/cafe-image/image_398_a42a8d6e.jpg,2025-11-03 23:00:21
399,프랭크커핀바 잠실점,image_399_da1330b2.jpg,https://raw.githubusercontent.com/Coffice-Official/Coffice-Operating-Tool/main/cafe-image/image_399_da1330b2.jpg,2025-11-03 23:00:24
400,빌리프커피로스터스,image_400_bf8bcc25.jpg,https://raw.githubusercontent.com/Coffice-Official/Coffice-Operating-Tool/main/cafe-image/image_400_bf8bcc25.jpg,2025-11-03 23:00:28
401,크리스피크림 메세나폴리스점,image_401_0d027210.jpg,https://raw.githubusercontent.com/Coffice-Official/Coffice-Operating-Tool/main/cafe-image/image_401_0d027210.jpg,2025-11-03 23:00:30
402,빌리프커피로스터스,image_402_af9c6364.jpg,https://raw.githubusercontent.com/Coffice-Official/Coffice-Operating-Tool/main/cafe-image/image_402_af9c6364.jpg,2025-11-03 23:00:33
403,크리스피크림 메세나폴리스점,image_403_c676b926.jpg,https://raw.githubusercontent.com/Coffice-Official/Coffice-Operating-Tool/main/cafe-image/image_403_c676b926.jpg,2025-11-03 23:00:35
404,빌리프커피로스터스,image_404_177198b3.jpg,https://raw.githubusercontent.com/Coffice-Official/Coffice-Operating-Tool/main/cafe-image/image_404_177198b3.jpg,2025-11-03 23:00:37
405,크리스피크림 메세나폴리스점,image_405_7b85923d.jpg,https://raw.githubusercontent.com/Coffice-Official/Coffice-Operating-Tool/main/cafe-image/image_405_7b85923d.jpg,2025-11-03 23:00:38
406,빌리프커피로스터스,image_406_7298ce4e.jpg,https://raw.githubusercontent.com/Coffice-Official/Coffice-Operating-Tool/main/cafe-image/image_406_7298ce4e.jpg,2025-11-03 23:00:42
407,크리스피크림 메세나폴리스점,image_407_030be05e.jpg,https://raw.githubusercontent.com/Coffice-Official/Coffice-Operating-Tool/main/cafe-image/image_407_030be05e.jpg,2025-11-03 23:00:44
408,빌리프커피로스터스,image_408_e034160b.jpg,https://raw.githubusercontent.com/Coffice-Official/Coffice-Operating-Tool/main/cafe-image/image_408_e034160b.jpg,2025-11-03 23:00:48
409,크리스피크림 메세나폴리스점,image_409_c5296c40.jpg,https://raw.githubusercontent.com/Coffice-Official/Coffice-Operating-Tool/main/cafe-image/image_409_c5296c40.jpg,2025-11-03 23:00:49
410,빌리프커피로스터스,image_410_75d39846.jpg,https://raw.githubusercontent.com/Coffice-Official/Coffice-Operating-Tool/main/cafe-image/image_410_75d39846.jpg,2025-11-03 23:00:52
411,크리스피크림 메세나폴리스점,image_411_36fb7dc4.jpg,https://raw.githubusercontent.com/Coffice-Official/Coffice-Operating-Tool/main/cafe-image/image_411_36fb7dc4.jpg,2025-11-03 23:00:53
412,빌리프커피로스터스,image_412_0691d1f7.jpg,https://raw.githubusercontent.com/Coffice-Official/Coffice-Operating-Tool/main/cafe-image/image_412_0691d1f7.jpg,2025-11-03 23:00:56
413,카페 마나랑,image_413_bd97dc33.jpg,https://raw.githubusercontent.com/Coffice-Official/Coffice-Operating-Tool/main/cafe-image/image_413_bd97dc33.jpg,2025-11-03 23:00:59
414,셉트,image_414_f338817d.jpg,https://raw.githubusercontent.com/Coffice-Official/Coffice-Operating-Tool/main/cafe-image/image_414_f338817d.jpg,2025-11-03 23:01:02
415,인크커피 가산점,image_415_382db8ec.jpg,https://raw.githubusercontent.com/Coffice-Official/Coffice-Operating-Tool/main/cafe-image/image_415_382db8ec.jpg,2025-11-03 23:01:05
416,셉트,image_416_00db4f0e.jpg,https://raw.githubusercontent.com/Coffice-Official/Coffice-Operating-Tool/main/cafe-image/image_416_00db4f0e.jpg,2025-11-03 23:01:07
418,셉트,image_418_7b38eca8.jpg,https://raw.githubusercontent.com/Coffice-Official/Coffice-Operating-Tool/main/cafe-image/image_418_7b38eca8.jpg,2025-11-03 23:01:10
419,인크커피 가산점,image_419_3d62c7e1.jpg,https://raw.githubusercontent.com/Coffice-Official/Coffice-Operating-Tool/main/cafe-image/image_419_3d62c7e1.jpg,2025-11-03 23:01:13
420,셉트,image_420_a7a10cfe.jpg,https://raw.githubusercontent.com/Coffice-Official/Coffice-Operating-Tool/main/cafe-image/image_420_a7a10cfe.jpg,2025-11-03 23:01:17
421,카페가우디,image_421_a37a1294.jpg,https://raw.githubusercontent.com/Coffice-Official/Coffice-Operating-Tool/main/cafe-image/image_421_a37a1294.jpg,2025-11-03 23:01:21
422,셉트,image_422_81f7ced3.jpg,https://raw.githubusercontent.com/Coffice-Official/Coffice-Operating-Tool/main/cafe-image/image_422_81f7ced3.jpg,2025-11-03 23:01:24
423,카페가우디,image_423_6ce820c9.jpg,https://raw.githubusercontent.com/Coffice-Official/Coffice-Operating-Tool/main/cafe-image/image_423_6ce820c9.jpg,2025-11-03 23:01:28
424,셉트,image_424_01155d0b.jpg,https://raw.githubusercontent.com/Coffice-Official/Coffice-Operating-Tool/main/cafe-image/image_424_01155d0b.jpg,2025-11-03 23:01:31
425,카페가우디,image_425_525c0c53.jpg,https://raw.githubusercontent.com/Coffice-Official/Coffice-Operating-Tool/main/cafe-image/image_425_525c0c53.jpg,2025-11-03 23:01:33
426,셉트,image_426_9307ef96.jpg,https://raw.githubusercontent.com/Coffice-Official/Coffice-Operating-Tool/main/cafe-image/image_426_9307ef96.jpg,2025-11-03 23:01:35
429,브라운홀릭,image_429_613f8eef.jpg,https://raw.githubusercontent.com/Coffice-Official/Coffice-Operating-Tool/main/cafe-image/image_429_613f8eef.jpg,2025-11-03 23:01:37
430,브라운홀릭,image_430_91b85389.jpg,https://raw.githubusercontent.com/Coffice-Official/Coffice-Operating-Tool/main/cafe-image/image_430_91b85389.jpg,2025-11-03 23:01:38
431,할리스 강남역점,image_431_cf01c183.png,https://raw.githubusercontent.com/Coffice-Official/Coffice-Operating-Tool/main/cafe-image/image_431_cf01c183.png,2025-11-03 23:01:40
432,할리스 강남역점,image_432_6ff99dfc.png,https://raw.githubusercontent.com/Coffice-Official/Coffice-Operating-Tool/main/cafe-image/image_432_6ff99dfc.png,2025-11-03 23:01:42
433,할리스 강남역점,image_433_95f1637d.png,https://raw.githubusercontent.com/Coffice-Official/Coffice-Operating-Tool/main/cafe-image/image_433_95f1637d.png,2025-11-03 23:01:45
435,던킨 라이브 강남,image_435_8845c582.jpg,https://raw.githubusercontent.com/Coffice-Official/Coffice-Operating-Tool/main/cafe-image/image_435_8845c582.jpg,2025-11-03 23:01:48
436,던킨 라이브 강남,image_436_5392ccfb.jpg,https://raw.githubusercontent.com/Coffice-Official/Coffice-Operating-Tool/main/cafe-image/image_436_5392ccfb.jpg,2025-11-03 23:01:51
438,던킨 라이브 강남,image_438_23ba23ca.jpg,https://raw.githubusercontent.com/Coffice-Official/Coffice-Operating-Tool/main/cafe-image/image_438_23ba23ca.jpg,2025-11-03 23:01:53
440,던킨 라이브 강남,image_440_d0683271.jpg,https://raw.githubusercontent.com/Coffice-Official/Coffice-Operating-Tool/main/cafe-image/image_440_d0683271.jpg,2025-11-03 23:01:56
442,던킨 라이브 강남,image_442_c058be3f.jpg,https://raw.githubusercontent.com/Coffice-Official/Coffice-Operating-Tool/main/cafe-image/image_442_c058be3f.jpg,2025-11-03 23:01:58
444,스타벅스 철산역점,image_444_9f024711.jpg,https://raw.githubusercontent.com/Coffice-Official/Coffice-Operating-Tool/main/cafe-image/image_444_9f024711.jpg,2025-11-03 23:02:01
445,투썸플레이스 여의도점,image_445_b83ed3df.jpg,https://raw.githubusercontent.com/Coffice-Official/Coffice-Operating-Tool/main/cafe-image/image_445_b83ed3df.jpg,2025-11-03 23:02:05
446,스타벅스 철산역점,image_446_4b8ef735.jpg,https://raw.githubusercontent.com/Coffice-Official/Coffice-Operating-Tool/main/cafe-image/image_446_4b8ef735.jpg,2025-11-03 23:02:07
447,투썸플레이스 여의도점,image_447_a8ace5d2.jpg,https://raw.githubusercontent.com/Coffice-Official/Coffice-Operating-Tool/main/cafe-image/image_447_a8ace5d2.jpg,2025-11-03 23:02:09
448,스타벅스 철산역점,image_448_bf5c769e.jpg,https://raw.githubusercontent.com/Coffice-Official/Coffice-Operating-Tool/main/cafe-image/image_448_bf5c769e.jpg,2025-11-03 23:02:12
449,투썸플레이스 여의도점,image_449_c3b30700.jpg,https://raw.githubusercontent.com/Coffice-Official/Coffice-Operating-Tool/main/cafe-image/image_449_c3b30700.jpg,2025-11-03 23:02:14
450,스타벅스 철산역점,image_450_5d9d3e7e.jpg,https://raw.githubusercontent.com/Coffice-Official/Coffice-Operating-Tool/main/cafe-image/image_450_5d9d3e7e.jpg,2025-11-03 23:02:18
451,투썸플레이스 여의도점,image_451_8c3236b8.jpg,https://raw.githubusercontent.com/Coffice-Official/Coffice-Operating-Tool/main/cafe-image/image_451_8c3236b8.jpg,2025-11-03 23:02:21
452,와밀 철산지점,image_452_48c5c381.jpg,https://raw.githubusercontent.com/Coffice-Official/Coffice-Operating-Tool/main/cafe-image/image_452_48c5c381.jpg,2025-11-03 23:02:23
453,호랑가시,image_453_95cfa6f3.jpg,https://raw.githubusercontent.com/Coffice-Official/Coffice-Operating-Tool/main/cafe-image/image_453_95cfa6f3.jpg,2025-11-03 23:02:26
454,와밀 철산지점,image_454_a199fd61.jpg,https://raw.githubusercontent.com/Coffice-Official/Coffice-Operating-Tool/main/cafe-image/image_454_a199fd61.jpg,2025-11-03 23:02:28
455,호랑가시,image_455_92a6c9cd.jpg,https://raw.githubusercontent.com/Coffice-Official/Coffice-Operating-Tool/main/cafe-image/image_455_92a6c9cd.jpg,2025-11-03 23:02:30
456,와밀 철산지점,image_456_0d22e227.jpg,https://raw.githubusercontent.com/Coffice-Official/Coffice-Operating-Tool/main/cafe-image/image_456_0d22e227.jpg,2025-11-03 23:02:32
457,스타벅스 삼성동점,image_457_da41a9d1.jpg,https://raw.githubusercontent.com/Coffice-Official/Coffice-Operating-Tool/main/cafe-image/image_457_da41a9d1.jpg,2025-11-03 23:02:34
458,스타벅스 삼성동점,image_458_f193b5e0.jpg,https://raw.githubusercontent.com/Coffice-Official/Coffice-Operating-Tool/main/cafe-image/image_458_f193b5e0.jpg,2025-11-03 23:02:38
459,투썸플레이스 강남대륭타워점,image_459_053b358a.jpg,https://raw.githubusercontent.com/Coffice-Official/Coffice-Operating-Tool/main/cafe-image/image_459_053b358a.jpg,2025-11-03 23:02:40
460,투썸플레이스 강남대륭타워점,image_460_cf1116f6.jpg,https://raw.githubusercontent.com/Coffice-Official/Coffice-Operating-Tool/main/cafe-image/image_460_cf1116f6.jpg,2025-11-03 23:02:42
461,투썸플레이스 강남대륭타워점,image_461_1895247f.jpg,https://raw.githubusercontent.com/Coffice-Official/Coffice-Operating-Tool/main/cafe-image/image_461_1895247f.jpg,2025-11-03 23:02:45
462,투썸플레이스 강남대륭타워점,image_462_6f96e494.jpg,https://raw.githubusercontent.com/Coffice-Official/Coffice-Operating-Tool/main/cafe-image/image_462_6f96e494.jpg,2025-11-03 23:02:47
463,투썸플레이스 강남대륭타워점,image_463_2714b21f.jpg,https://raw.githubusercontent.com/Coffice-Official/Coffice-Operating-Tool/main/cafe-image/image_463_2714b21f.jpg,2025-11-03 23:02:49
464,빔블커피,image_464_49b96bb8.jpg,https://raw.githubusercontent.com/Coffice-Official/Coffice-Operating-Tool/main/cafe-image/image_464_49b96bb8.jpg,2025-11-03 23:02:51
465,빔블커피,image_465_bbfe13a1.jpg,https://raw.githubusercontent.com/Coffice-Official/Coffice-Operating-Tool/main/cafe-image/image_465_bbfe13a1.jpg,2025-11-03 23:02:54
466,빔블커피,image_466_c181bc5d.jpg,https://raw.githubusercontent.com/Coffice-Official/Coffice-Operating-Tool/main/cafe-image/image_466_c181bc5d.jpg,2025-11-03 23:02:56
467,빔블커피,image_467_3c162aeb.jpg,https://raw.githubusercontent.com/Coffice-Official/Coffice-Operating-Tool/main/cafe-image/image_467_3c162aeb.jpg,2025-11-03 23:02:59
468,빔블커피,image_468_fc325e9c.jpg,https://raw.githubusercontent.com/Coffice-Official/Coffice-Operating-Tool/main/cafe-image/image_468_fc325e9c.jpg,2025-11-03 23:03:02
469,빔블커피,image_469_6654781e.jpg,https://raw.githubusercontent.com/Coffice-Official/Coffice-Operating-Tool/main/cafe-image/image_469_6654781e.jpg,2025-11-03 23:03:03
470,호랑가시,image_470_d501cff0.jpg,https://raw.githubusercontent.com/Coffice-Official/Coffice-Operating-Tool/main/cafe-image/image_470_d501cff0.jpg,2025-11-03 23:03:06
471,빔블커피,image_471_73febf31.jpg,https://raw.githubusercontent.com/Coffice-Official/Coffice-Operating-Tool/main/cafe-image/image_471_73febf31.jpg,2025-11-03 23:03:09
472,빔블커피,image_472_df12c695.jpg,https://raw.githubusercontent.com/Coffice-Official/Coffice-Operating-Tool/main/cafe-image/image_472_df12c695.jpg,2025-11-03 23:03:13
473,카페야벳,image_473_12562581.jpg,https://raw.githubusercontent.com/Coffice-Official/Coffice-Operating-Tool/main/cafe-image/image_473_12562581.jpg,2025-11-03 23:03:15
474,카페야벳,image_474_c307ef26.jpg,https://raw.githubusercontent.com/Coffice-Official/Coffice-Operating-Tool/main/cafe-image/image_474_c307ef26.jpg,2025-11-03 23:03:18
475,카페야벳,image_475_8c21f2f6.jpg,https://raw.githubusercontent.com/Coffice-Official/Coffice-Operating-Tool/main/cafe-image/image_475_8c21f2f6.jpg,2025-11-03 23:03:21
476,카페야벳,image_476_737daba6.jpg,https://raw.githubusercontent.com/Coffice-Official/Coffice-Operating-Tool/main/cafe-image/image_476_737daba6.jpg,2025-11-03 23:03:24
477,카페야벳,image_477_d7e8cd1c.jpg,https://raw.githubusercontent.com/Coffice-Official/Coffice-Operating-Tool/main/cafe-image/image_477_d7e8cd1c.jpg,2025-11-03 23:03:26
478,카페 메틀,image_478_7ec772d1.jpg,https://raw.githubusercontent.com/Coffice-Official/Coffice-Operating-Tool/main/cafe-image/image_478_7ec772d1.jpg,2025-11-03 23:03:29
479,카페야벳,image_479_08a8444f.jpg,https://raw.githubusercontent.com/Coffice-Official/Coffice-Operating-Tool/main/cafe-image/image_479_08a8444f.jpg,2025-11-03 23:03:32
480,카페 메틀,image_480_e64e49ef.jpg,https://raw.githubusercontent.com/Coffice-Official/Coffice-Operating-Tool/main/cafe-image/image_480_e64e49ef.jpg,2025-11-03 23:03:37
481,카페야벳,image_481_1e6b28bd.jpg,https://raw.githubusercontent.com/Coffice-Official/Coffice-Operating-Tool/main/cafe-image/image_481_1e6b28bd.jpg,2025-11-03 23:03:39
482,할리스 여의도전경련회관점,image_482_961b7893.jpg,https://raw.githubusercontent.com/Coffice-Official/Coffice-Operating-Tool/main/cafe-image/image_482_961b7893.jpg,2025-11-03 23:03:40
483,카페 메틀,image_483_110ea04f.jpg,https://raw.githubusercontent.com/Coffice-Official/Coffice-Operating-Tool/main/cafe-image/image_483_110ea04f.jpg,2025-11-03 23:03:44
484,할리스 여의도전경련회관점,image_484_34855953.jpg,https://raw.githubusercontent.com/Coffice-Official/Coffice-Operating-Tool/main/cafe-image/image_484_34855953.jpg,2025-11-03 23:03:48
485,카페 메틀,image_485_ad06464c.jpg,https://raw.githubusercontent.com/Coffice-Official/Coffice-Operating-Tool/main/cafe-image/image_485_ad06464c.jpg,2025-11-03 23:03:51
486,할리스 여의도전경련회관점,image_486_efd9e97f.jpg,https://raw.githubusercontent.com/Coffice-Official/Coffice-Operating-Tool/main/cafe-image/image_486_efd9e97f.jpg,2025-11-03 23:03:53
488,할리스 여의도전경련회관점,image_488_ddbdafd5.jpg,https://raw.githubusercontent.com/Coffice-Official/Coffice-Operating-Tool/main/cafe-image/image_488_ddbdafd5.jpg,2025-11-03 23:03:55
489,카페 메틀,image_489_aab7287c.jpg,https://raw.githubusercontent.com/Coffice-Official/Coffice-Operating-Tool/main/cafe-image/image_489_aab7287c.jpg,2025-11-03 23:03:57
490,할리스 여의도전경련회관점,image_490_d428299a.jpg,https://raw.githubusercontent.com/Coffice-Official/Coffice-Operating-Tool/main/cafe-image/image_490_d428299a.jpg,2025-11-03 23:03:59
491,카페 메틀,image_491_c5597838.jpg,https://raw.githubusercontent.com/Coffice-Official/Coffice-Operating-Tool/main/cafe-image/image_491_c5597838.jpg,2025-11-03 23:04:03
492,스타벅스 광명하안대로점,image_492_f7b57c5f.jpg,https://raw.githubusercontent.com/Coffice-Official/Coffice-Operating-Tool/main/cafe-image/image_492_f7b57c5f.jpg,2025-11-03 23:04:05
493,카페 메틀,image_493_a772b279.jpg,https://raw.githubusercontent.com/Coffice-Official/Coffice-Operating-Tool/main/cafe-image/image_493_a772b279.jpg,2025-11-03 23:04:07
494,스타벅스 광명하안대로점,image_494_88798756.jpg,https://raw.githubusercontent.com/Coffice-Official/Coffice-Operating-Tool/main/cafe-image/image_494_88798756.jpg,2025-11-03 23:04:10
495,스타벅스 춘천구봉산R점,image_495_f6a0cfdf.jpg,https://raw.githubusercontent.com/Coffice-Official/Coffice-Operating-Tool/main/cafe-image/image_495_f6a0cfdf.jpg,2025-11-03 23:04:14
496,스타벅스 광명하안대로점,image_496_a74428d4.jpg,https://raw.githubusercontent.com/Coffice-Official/Coffice-Operating-Tool/main/cafe-image/image_496_a74428d4.jpg,2025-11-03 23:04:16
497,5센소커피 안양점,image_497_9ec25f44.jpg,https://raw.githubusercontent.com/Coffice-Official/Coffice-Operating-Tool/main/cafe-image/image_497_9ec25f44.jpg,2025-11-03 23:04:18
498,스타벅스 광명하안대로점,image_498_8387f5fa.jpg,https://raw.githubusercontent.com/Coffice-Official/Coffice-Operating-Tool/main/cafe-image/image_498_8387f5fa.jpg,2025-11-03 23:04:21
499,5센소커피 안양점,image_499_0919f5ec.jpg,https://raw.githubusercontent.com/Coffice-Official/Coffice-Operating-Tool/main/cafe-image/image_499_0919f5ec.jpg,2025-11-03 23:04:23
500,5센소커피 안양점,image_500_bc43cf9c.jpg,https://raw.githubusercontent.com/Coffice-Official/Coffice-Operating-Tool/main/cafe-image/image_500_bc43cf9c.jpg,2025-11-03 23:04:25
501,타르타르 강남역점,image_501_a5969948.jpg,https://raw.githubusercontent.com/Coffice-Official/Coffice-Operating-Tool/main/cafe-image/image_501_a5969948.jpg,2025-11-03 23:04:27
502,타르타르 강남역점,image_502_238b70cd.jpg,https://raw.githubusercontent.com/Coffice-Official/Coffice-Operating-Tool/main/cafe-image/image_502_238b70cd.jpg,2025-11-03 23:04:29
503,타르타르 강남역점,image_503_80aab4a0.jpg,https://raw.githubusercontent.com/Coffice-Official/Coffice-Operating-Tool/main/cafe-image/image_503_80aab4a0.jpg,2025-11-03 23:04:33
504,아티제 메세나폴리스점,image_504_879a24c4.jpg,https://raw.githubusercontent.com/Coffice-Official/Coffice-Operating-Tool/main/cafe-image/image_504_879a24c4.jpg,2025-11-03 23:04:36
505,카페 파르고,image_505_fc0c3b5e.jpg,https://raw.githubusercontent.com/Coffice-Official/Coffice-Operating-Tool/main/cafe-image/image_505_fc0c3b5e.jpg,2025-11-03 23:04:38
506,아티제 메세나폴리스점,image_506_02233204.jpg,https://raw.githubusercontent.com/Coffice-Official/Coffice-Operating-Tool/main/cafe-image/image_506_02233204.jpg,2025-11-03 23:04:42
507,카페 파르고,image_507_f4b33180.jpg,https://raw.githubusercontent.com/Coffice-Official/Coffice-Operating-Tool/main/cafe-image/image_507_f4b33180.jpg,2025-11-03 23:04:43
508,아삐에노,image_508_86806ad8.jpg,https://raw.githubusercontent.com/Coffice-Official/Coffice-Operating-Tool/main/cafe-image/image_508_86806ad8.jpg,2025-11-03 23:04:45
509,마스트리스보트,image_509_6a93bf94.jpg,https://raw.githubusercontent.com/Coffice-Official/Coffice-Operating-Tool/main/cafe-image/image_509_6a93bf94.jpg,2025-11-03 23:04:48
510,아삐에노,image_510_cdb79d3c.jpg,https://raw.githubusercontent.com/Coffice-Official/Coffice-Operating-Tool/main/cafe-image/image_510_cdb79d3c.jpg,2025-11-03 23:04:51
511,마스트리스보트,image_511_59b20811.jpg,https://raw.githubusercontent.com/Coffice-Official/Coffice-Operating-Tool/main/cafe-image/image_511_59b20811.jpg,2025-11-03 23:04:53
512,아삐에노,image_512_b21dd88b.jpg,https://raw.githubusercontent.com/Coffice-Official/Coffice-Operating-Tool/main/cafe-image/image_512_b21dd88b.jpg,2025-11-03 23:04:55
513,마스트리스보트,image_513_cc0cbbb9.jpg,https://raw.githubusercontent.com/Coffice-Official/Coffice-Operating-Tool/main/cafe-image/image_513_cc0cbbb9.jpg,2025-11-03 23:04:57
514,마스트리스보트,image_514_4b858d3a.jpg,https://raw.githubusercontent.com/Coffice-Official/Coffice-Operating-Tool/main/cafe-image/image_514_4b858d3a.jpg,2025-11-03 23:04:58
515,아삐에노,image_515_81d0db9a.jpg,https://raw.githubusercontent.com/Coffice-Official/Coffice-Operating-Tool/main/cafe-image/image_515_81d0db9a.jpg,2025-11-03 23:05:01
516,마스트리스보트,image_516_7f0ae17b.jpg,https://raw.githubusercontent.com/Coffice-Official/Coffice-Operating-Tool/main/cafe-image/image_516_7f0ae17b.jpg,2025-11-03 23:05:03
517,아삐에노,image_517_673690d8.jpg,https://raw.githubusercontent.com/Coffice-Official/Coffice-Operating-Tool/main/cafe-image/image_517_673690d8.jpg,2025-11-03 23:05:05
518,마스트리스보트,image_518_bceaec97.jpg,https://raw.githubusercontent.com/Coffice-Official/Coffice-Operating-Tool/main/cafe-image/image_518_bceaec97.jpg,2025-11-03 23:05:08
519,아삐에노,image_519_934d123b.jpg,https://raw.githubusercontent.com/Coffice-Official/Coffice-Operating-Tool/main/cafe-image/image_519_934d123b.jpg,2025-11-03 23:05:10
520,마스트리스보트,image_520_31b8881e.jpg,https://raw.githubusercontent.com/Coffice-Official/Coffice-Operating-Tool/main/cafe-image/image_520_31b8881e.jpg,2025-11-03 23:05:12
522,마스트리스보트,image_522_61e8ac78.jpg,https://raw.githubusercontent.com/Coffice-Official/Coffice-Operating-Tool/main/cafe-image/image_522_61e8ac78.jpg,2025-11-03 23:05:15
523,아삐에노,image_523_78a7e967.jpg,https://raw.githubusercontent.com/Coffice-Official/Coffice-Operating-Tool/main/cafe-image/image_523_78a7e967.jpg,2025-11-03 23:05:17
524,스타벅스 광명하안점,image_524_c98c7b2e.jpg,https://raw.githubusercontent.com/Coffice-Official/Coffice-Operating-Tool/main/cafe-image/image_524_c98c7b2e.jpg,2025-11-03 23:05:19
525,카페 차 성수점,image_525_9d86b62a.jpg,https://raw.githubusercontent.com/Coffice-Official/Coffice-Operating-Tool/main/cafe-image/image_525_9d86b62a.jpg,2025-11-03 23:05:20
526,스타벅스 광명하안점,image_526_706848d9.jpg,https://raw.githubusercontent.com/Coffice-Official/Coffice-Operating-Tool/main/cafe-image/image_526_706848d9.jpg,2025-11-03 23:05:23
527,레인리포트 크루아상,image_527_a929ff9b.jpg,https://raw.githubusercontent.com/Coffice-Official/Coffice-Operating-Tool/main/cafe-image/image_527_a929ff9b.jpg,2025-11-03 23:05:26
528,스타벅스 광명하안점,image_528_3e25620b.jpg,https://raw.githubusercontent.com/Coffice-Official/Coffice-Operating-Tool/main/cafe-image/image_528_3e25620b.jpg,2025-11-03 23:05:29
529,레인리포트 크루아상,image_529_54280339.jpg,https://raw.githubusercontent.com/Coffice-Official/Coffice-Operating-Tool/main/cafe-image/image_529_54280339.jpg,2025-11-03 23:05:33
530,스타벅스 광명하안점,image_530_4306e557.jpg,https://raw.githubusercontent.com/Coffice-Official/Coffice-Operating-Tool/main/cafe-image/image_530_4306e557.jpg,2025-11-03 23:05:36
531,레인리포트 크루아상,image_531_30f1b11d.jpg,https://raw.githubusercontent.com/Coffice-Official/Coffice-Operating-Tool/main/cafe-image/image_531_30f1b11d.jpg,2025-11-03 23:05:40
532,스타벅스 광명하안점,image_532_8b486047.jpg,https://raw.githubusercontent.com/Coffice-Official/Coffice-Operating-Tool/main/cafe-image/image_532_8b486047.jpg,2025-11-03 23:05:43
533,레인리포트 크루아상,image_533_23b4255d.jpg,https://raw.githubusercontent.com/Coffice-Official/Coffice-Operating-Tool/main/cafe-image/image_533_23b4255d.jpg,2025-11-03 23:05:46
534,라파파라,image_534_155a84f0.jpg,https://raw.githubusercontent.com/Coffice-Official/Coffice-Operating-Tool/main/cafe-image/image_534_155a84f0.jpg,2025-11-03 23:05:50
535,레인리포트 크루아상,image_535_28c2c4ff.jpg,https://raw.githubusercontent.com/Coffice-Official/Coffice-Operating-Tool/main/cafe-image/image_535_28c2c4ff.jpg,2025-11-03 23:05:53
536,라파파라,image_536_e981cccd.jpg,https://raw.githubusercontent.com/Coffice-Official/Coffice-Operating-Tool/main/cafe-image/image_536_e981cccd.jpg,2025-11-03 23:05:55
537,레인리포트 크루아상,image_537_b9e54cfb.jpg,https://raw.githubusercontent.com/Coffice-Official/Coffice-Operating-Tool/main/cafe-image/image_537_b9e54cfb.jpg,2025-11-03 23:05:57
538,라파파라,image_538_912d6884.jpg,https://raw.githubusercontent.com/Coffice-Official/Coffice-Operating-Tool/main/cafe-image/image_538_912d6884.jpg,2025-11-03 23:06:00
539,레인리포트 크루아상,image_539_77f8031e.jpg,https://raw.githubusercontent.com/Coffice-Official/Coffice-Operating-Tool/main/cafe-image/image_539_77f8031e.jpg,2025-11-03 23:06:02
540,라파파라,image_540_6642b147.jpg,https://raw.githubusercontent.com/Coffice-Official/Coffice-Operating-Tool/main/cafe-image/image_540_6642b147.jpg,2025-11-03 23:06:05
541,파롤앤랑그,image_541_6cdbc798.jpg,https://raw.githubusercontent.com/Coffice-Official/Coffice-Operating-Tool/main/cafe-image/image_541_6cdbc798.jpg,2025-11-03 23:06:08
542,라파파라,image_542_6f9b7681.jpg,https://raw.githubusercontent.com/Coffice-Official/Coffice-Operating-Tool/main/cafe-image/image_542_6f9b7681.jpg,2025-11-03 23:06:11
543,파롤앤랑그,image_543_a22143f5.jpg,https://raw.githubusercontent.com/Coffice-Official/Coffice-Operating-Tool/main/cafe-image/image_543_a22143f5.jpg,2025-11-03 23:06:14
544,라파파라,image_544_35617e82.jpg,https://raw.githubusercontent.com/Coffice-Official/Coffice-Operating-Tool/main/cafe-image/image_544_35617e82.jpg,2025-11-03 23:06:17
545,파롤앤랑그,image_545_71252173.jpg,https://raw.githubusercontent.com/Coffice-Official/Coffice-Operating-Tool/main/cafe-image/image_545_71252173.jpg,2025-11-03 23:06:19
546,cafe ONO,image_546_9d22c388.jpg,https://raw.githubusercontent.com/Coffice-Official/Coffice-Operating-Tool/main/cafe-image/image_546_9d22c388.jpg,2025-11-03 23:06:21
547,파롤앤랑그,image_547_413059fb.jpg,https://raw.githubusercontent.com/Coffice-Official/Coffice-Operating-Tool/main/cafe-image/image_547_413059fb.jpg,2025-11-03 23:06:23
548,cafe ONO,image_548_42997dcf.jpg,https://raw.githubusercontent.com/Coffice-Official/Coffice-Operating-Tool/main/cafe-image/image_548_42997dcf.jpg,2025-11-03 23:06:25
549,파롤앤랑그,image_549_9523fe93.jpg,https://raw.githubusercontent.com/Coffice-Official/Coffice-Operating-Tool/main/cafe-image/image_549_9523fe93.jpg,2025-11-03 23:06:29
550,cafe ONO,image_550_4a57503a.jpg,https://raw.githubusercontent.com/Coffice-Official/Coffice-Operating-Tool/main/cafe-image/image_550_4a57503a.jpg,2025-11-03 23:06:31
551,파롤앤랑그,image_551_6df42904.jpg,https://raw.githubusercontent.com/Coffice-Official/Coffice-Operating-Tool/main/cafe-image/image_551_6df42904.jpg,2025-11-03 23:06:33
552,cafe ONO,image_552_fd718b13.jpg,https://raw.githubusercontent.com/Coffice-Official/Coffice-Operating-Tool/main/cafe-image/image_552_fd718b13.jpg,2025-11-03 23:06:36
553,본지르르 성수,image_553_12414e2f.jpg,https://raw.githubusercontent.com/Coffice-Official/Coffice-Operating-Tool/main/cafe-image/image_553_12414e2f.jpg,2025-11-03 23:06:38
554,cafe ONO,image_554_d462f9b7.jpg,https://raw.githubusercontent.com/Coffice-Official/Coffice-Operating-Tool/main/cafe-image/image_554_d462f9b7.jpg,2025-11-03 23:06:39
555,본지르르 성수,image_555_82443d85.jpg,https://raw.githubusercontent.com/Coffice-Official/Coffice-Operating-Tool/main/cafe-image/image_555_82443d85.jpg,2025-11-03 23:06:42
556,본지르르 성수,image_556_8e4009a4.jpg,https://raw.githubusercontent.com/Coffice-Official/Coffice-Operating-Tool/main/cafe-image/image_556_8e4009a4.jpg,2025-11-03 23:06:45
557,cafe ONO,image_557_4e13a131.jpg,https://raw.githubusercontent.com/Coffice-Official/Coffice-Operating-Tool/main/cafe-image/image_557_4e13a131.jpg,2025-11-03 23:06:47
558,본지르르 성수,image_558_d5507847.jpg,https://raw.githubusercontent.com/Coffice-Official/Coffice-Operating-Tool/main/cafe-image/image_558_d5507847.jpg,2025-11-03 23:06:49
559,cafe ONO,image_559_23a2e0a9.jpg,https://raw.githubusercontent.com/Coffice-Official/Coffice-Operating-Tool/main/cafe-image/image_559_23a2e0a9.jpg,2025-11-03 23:06:51
560,본지르르 성수,image_560_eb2d218d.jpg,https://raw.githubusercontent.com/Coffice-Official/Coffice-Operating-Tool/main/cafe-image/image_560_eb2d218d.jpg,2025-11-03 23:06:53
561,cafe ONO,image_561_18674d88.jpg,https://raw.githubusercontent.com/Coffice-Official/Coffice-Operating-Tool/main/cafe-image/image_561_18674d88.jpg,2025-11-03 23:06:55
562,본지르르 성수,image_562_c72bb77c.jpg,https://raw.githubusercontent.com/Coffice-Official/Coffice-Operating-Tool/main/cafe-image/image_562_c72bb77c.jpg,2025-11-03 23:06:58
563,토치커피 삼성점,image_563_c6285b78.jpg,https://raw.githubusercontent.com/Coffice-Official/Coffice-Operating-Tool/main/cafe-image/image_563_c6285b78.jpg,2025-11-03 23:07:00
564,본지르르 성수,image_564_c20e8eba.jpg,https://raw.githubusercontent.com/Coffice-Official/Coffice-Operating-Tool/main/cafe-image/image_564_c20e8eba.jpg,2025-11-03 23:07:02
565,토치커피 삼성점,image_565_dc708cd1.jpg,https://raw.githubusercontent.com/Coffice-Official/Coffice-Operating-Tool/main/cafe-image/image_565_dc708cd1.jpg,2025-11-03 23:07:04
566,수산공원,image_566_47949deb.jpg,https://raw.githubusercontent.com/Coffice-Official/Coffice-Operating-Tool/main/cafe-image/image_566_47949deb.jpg,2025-11-03 23:07:06
567,스타벅스 르네상스사거리점,image_567_0d766e35.jpg,https://raw.githubusercontent.com/Coffice-Official/Coffice-Operating-Tool/main/cafe-image/image_567_0d766e35.jpg,2025-11-03 23:07:08
568,스타벅스 르네상스사거리점,image_568_0773c734.jpg,https://raw.githubusercontent.com/Coffice-Official/Coffice-Operating-Tool/main/cafe-image/image_568_0773c734.jpg,2025-11-03 23:07:10
569,스타벅스 르네상스사거리점,image_569_1ef1dd97.jpg,https://raw.githubusercontent.com/Coffice-Official/Coffice-Operating-Tool/main/cafe-image/image_569_1ef1dd97.jpg,2025-11-03 23:07:14
570,스타벅스 르네상스사거리점,image_570_5b4b21e9.jpg,https://raw.githubusercontent.com/Coffice-Official/Coffice-Operating-Tool/main/cafe-image/image_570_5b4b21e9.jpg,2025-11-03 23:07:18
571,스타벅스 르네상스사거리점,image_571_2e6d9912.jpg,https://raw.githubusercontent.com/Coffice-Official/Coffice-Operating-Tool/main/cafe-image/image_571_2e6d9912.jpg,2025-11-03 23:07:21
572,아우어베이커리 역삼점,image_572_bb609736.jpg,https://raw.githubusercontent.com/Coffice-Official/Coffice-Operating-Tool/main/cafe-image/image_572_bb609736.jpg,2025-11-03 23:07:23
573,아우어베이커리 역삼점,image_573_b613a5cb.jpg,https://raw.githubusercontent.com/Coffice-Official/Coffice-Operating-Tool/main/cafe-image/image_573_b613a5cb.jpg,2025-11-03 23:07:26
574,아우어베이커리 역삼점,image_574_a6ea4107.jpg,https://raw.githubusercontent.com/Coffice-Official/Coffice-Operating-Tool/main/cafe-image/image_574_a6ea4107.jpg,2025-11-03 23:07:29
575,아우어베이커리 역삼점,image_575_6f7d5e34.jpg,https://raw.githubusercontent.com/Coffice-Official/Coffice-Operating-Tool/main/cafe-image/image_575_6f7d5e34.jpg,2025-11-03 23:07:31
576,아우어베이커리 역삼점,image_576_338206a1.jpg,https://raw.githubusercontent.com/Coffice-Official/Coffice-Operating-Tool/main/cafe-image/image_576_338206a1.jpg,2025-11-03 23:07:34
577,아우어베이커리 역삼점,image_577_68cd41c1.jpg,https://raw.githubusercontent.com/Coffice-Official/Coffice-Operating-Tool/main/cafe-image/image_577_68cd41c1.jpg,2025-11-03 23:07:37
578,사월의물고기,image_578_0f8ca780.jpg,https://raw.githubusercontent.com/Coffice-Official/Coffice-Operating-Tool/main/cafe-image/image_578_0f8ca780.jpg,2025-11-03 23:07:39
579,사월의물고기,image_579_57afbfc8.jpg,https://raw.githubusercontent.com/Coffice-Official/Coffice-Operating-Tool/main/cafe-image/image_579_57afbfc8.jpg,2025-11-03 23:07:43
580,사월의물고기,image_580_6af1e6ff.jpg,https://raw.githubusercontent.com/Coffice-Official/Coffice-Operating-Tool/main/cafe-image/image_580_6af1e6ff.jpg,2025-11-03 23:07:45
581,사월의물고기,image_581_4cebcf6e.jpg,https://raw.githubusercontent.com/Coffice-Official/Coffice-Operating-Tool/main/cafe-image/image_581_4cebcf6e.jpg,2025-11-03 23:07:48
582,사월의물고기,image_582_5cfd05c6.jpg,https://raw.githubusercontent.com/Coffice-Official/Coffice-Operating-Tool/main/cafe-image/image_582_5cfd05c6.jpg,2025-11-03 23:07:51
583,사월의물고기,image_583_b1e2fa88.jpg,https://raw.githubusercontent.com/Coffice-Official/Coffice-Operating-Tool/main/cafe-image/image_583_b1e2fa88.jpg,2025-11-03 23:07:54
584,티와이티디,image_584_2b639a38.jpg,https://raw.githubusercontent.com/Coffice-Official/Coffice-Operating-Tool/main/cafe-image/image_584_2b639a38.jpg,2025-11-03 23:07:57
585,토치커피 삼성점,image_585_eab1fd14.jpg,https://raw.githubusercontent.com/Coffice-Official/Coffice-Operating-Tool/main/cafe-image/image_585_eab1fd14.jpg,2025-11-03 23:08:00
586,티와이티디,image_586_bba97c05.jpg,https://raw.githubusercontent.com/Coffice-Official/Coffice-Operating-Tool/main/cafe-image/image_586_bba97c05.jpg,2025-11-03 23:08:04
587,소설원 서가,image_587_84e9272c.jpg,https://raw.githubusercontent.com/Coffice-Official/Coffice-Operating-Tool/main/cafe-image/image_587_84e9272c.jpg,2025-11-03 23:08:06
588,티와이티디,image_588_0f40745e.jpg,https://raw.githubusercontent.com/Coffice-Official/Coffice-Operating-Tool/main/cafe-image/image_588_0f40745e.jpg,2025-11-03 23:08:10
589,소설원 서가,image_589_f6f9bd09.jpg,https://raw.githubusercontent.com/Coffice-Official/Coffice-Operating-Tool/main/cafe-image/image_589_f6f9bd09.jpg,2025-11-03 23:08:14
590,티와이티디,image_590_a0a92289.jpg,https://raw.githubusercontent.com/Coffice-Official/Coffice-Operating-Tool/main/cafe-image/image_590_a0a92289.jpg,2025-11-03 23:08:15
591,소설원 서가,image_591_32423c35.jpg,https://raw.githubusercontent.com/Coffice-Official/Coffice-Operating-Tool/main/cafe-image/image_591_32423c35.jpg,2025-11-03 23:08:19
592,티와이티디,image_592_2f4d5f9e.jpg,https://raw.githubusercontent.com/Coffice-Official/Coffice-Operating-Tool/main/cafe-image/image_592_2f4d5f9e.jpg,2025-11-03 23:08:21
593,티와이티디,image_593_7454d939.jpg,https://raw.githubusercontent.com/Coffice-Official/Coffice-Operating-Tool/main/cafe-image/image_593_7454d939.jpg,2025-11-03 23:08:23
594,티와이티디,image_594_248d408c.jpg,https://raw.githubusercontent.com/Coffice-Official/Coffice-Operating-Tool/main/cafe-image/image_594_248d408c.jpg,2025-11-03 23:08:25
595,소설원 서가,image_595_c2f752f8.jpg,https://raw.githubusercontent.com/Coffice-Official/Coffice-Operating-Tool/main/cafe-image/image_595_c2f752f8.jpg,2025-11-03 23:08:28
596,소설원 서가,image_596_5dda9868.jpg,https://raw.githubusercontent.com/Coffice-Official/Coffice-Operating-Tool/main/cafe-image/image_596_5dda9868.jpg,2025-11-03 23:08:31
597,소설원 서가,image_597_3a063047.jpg,https://raw.githubusercontent.com/Coffice-Official/Coffice-Operating-Tool/main/cafe-image/image_597_3a063047.jpg,2025-11-03 23:08:34
598,아티제 메세나폴리스점,image_598_82ef82c0.jpg,https://raw.githubusercontent.com/Coffice-Official/Coffice-Operating-Tool/main/cafe-image/image_598_82ef82c0.jpg,2025-11-03 23:08:36
599,아티제 메세나폴리스점,image_599_70728753.jpg,https://raw.githubusercontent.com/Coffice-Official/Coffice-Operating-Tool/main/cafe-image/image_599_70728753.jpg,2025-11-03 23:08:39
600,아티제 메세나폴리스점,image_600_387d91e2.jpg,https://raw.githubusercontent.com/Coffice-Official/Coffice-Operating-Tool/main/cafe-image/image_600_387d91e2.jpg,2025-11-03 23:08:43
601,티와이티디,image_601_0a12ffc7.jpg,https://raw.githubusercontent.com/Coffice-Official/Coffice-Operating-Tool/main/cafe-image/image_601_0a12ffc7.jpg,2025-11-03 23:08:46
602,스타벅스 숙명여대정문점,image_602_d6c26b18.jpg,https://raw.githubusercontent.com/Coffice-Official/Coffice-Operating-Tool/main/cafe-image/image_602_d6c26b18.jpg,2025-11-03 23:08:49
603,스타벅스 숙명여대정문점,image_603_33744a39.jpg,https://raw.githubusercontent.com/Coffice-Official/Coffice-Operating-Tool/main/cafe-image/image_603_33744a39.jpg,2025-11-03 23:08:53
604,스타벅스 숙명여대정문점,image_604_9b3e7687.jpg,https://raw.githubusercontent.com/Coffice-Official/Coffice-Operating-Tool/main/cafe-image/image_604_9b3e7687.jpg,2025-11-03 23:08:57
605,스타벅스 숙명여대정문점,image_605_ac0856a7.jpg,https://raw.githubusercontent.com/Coffice-Official/Coffice-Operating-Tool/main/cafe-image/image_605_ac0856a7.jpg,2025-11-03 23:09:01
606,스타벅스 숙명여대정문점,image_606_42b3b822.jpg,https://raw.githubusercontent.com/Coffice-Official/Coffice-Operating-Tool/main/cafe-image/image_606_42b3b822.jpg,2025-11-03 23:09:04
607,스타벅스 숙명여대정문점,image_607_0622d471.jpg,https://raw.githubusercontent.com/Coffice-Official/Coffice-Operating-Tool/main/cafe-image/image_607_0622d471.jpg,2025-11-03 23:09:06
608,스타벅스 숙명여대정문점,image_608_527e9730.jpg,https://raw.githubusercontent.com/Coffice-Official/Coffice-Operating-Tool/main/cafe-image/image_608_527e9730.jpg,2025-11-03 23:09:11
609,스타벅스 숙명여대정문점,image_609_7384d2ef.jpg,https://raw.githubusercontent.com/Coffice-Official/Coffice-Operating-Tool/main/cafe-image/image_609_7384d2ef.jpg,2025-11-03 23:09:13
610,KITTE,image_610_1eece752.jpg,https://raw.githubusercontent.com/Coffice-Official/Coffice-Operating-Tool/main/cafe-image/image_610_1eece752.jpg,2025-11-03 23:09:17
611,KITTE,image_611_10d700b2.jpg,https://raw.githubusercontent.com/Coffice-Official/Coffice-Operating-Tool/main/cafe-image/image_611_10d700b2.jpg,2025-11-03 23:09:20
612,KITTE,image_612_08922882.jpg,https://raw.githubusercontent.com/Coffice-Official/Coffice-Operating-Tool/main/cafe-image/image_612_08922882.jpg,2025-11-03 23:09:24
613,KITTE,image_613_32a88da5.jpg,https://raw.githubusercontent.com/Coffice-Official/Coffice-Operating-Tool/main/cafe-image/image_613_32a88da5.jpg,2025-11-03 23:09:28
614,KITTE,image_614_cdfafdf4.jpg,https://raw.githubusercontent.com/Coffice-Official/Coffice-Operating-Tool/main/cafe-image/image_614_cdfafdf4.jpg,2025-11-03 23:09:32
615,KITTE,image_615_34de5f80.jpg,https://raw.githubusercontent.com/Coffice-Official/Coffice-Operating-Tool/main/cafe-image/image_615_34de5f80.jpg,2025-11-03 23:09:36
616,스타벅스 이태원역점,image_616_fa7ff799.jpg,https://raw.githubusercontent.com/Coffice-Official/Coffice-Operating-Tool/main/cafe-image/image_616_fa7ff799.jpg,2025-11-03 23:09:39
617,스타벅스 이태원역점,image_617_e0b4dbdd.jpg,https://raw.githubusercontent.com/Coffice-Official/Coffice-Operating-Tool/main/cafe-image/image_617_e0b4dbdd.jpg,2025-11-03 23:09:42
618,스타벅스 이태원역점,image_618_bf8764fc.jpg,https://raw.githubusercontent.com/Coffice-Official/Coffice-Operating-Tool/main/cafe-image/image_618_bf8764fc.jpg,2025-11-03 23:09:45
619,스타벅스 이태원역점,image_619_0ee12831.jpg,https://raw.githubusercontent.com/Coffice-Official/Coffice-Operating-Tool/main/cafe-image/image_619_0ee12831.jpg,2025-11-03 23:09:48
620,스타벅스 이태원역점,image_620_bb380d05.jpg,https://raw.githubusercontent.com/Coffice-Official/Coffice-Operating-Tool/main/cafe-image/image_620_bb380d05.jpg,2025-11-03 23:09:51
621,스타벅스 이태원역점,image_621_ec9afb6d.jpg,https://raw.githubusercontent.com/Coffice-Official/Coffice-Operating-Tool/main/cafe-image/image_621_ec9afb6d.jpg,2025-11-03 23:09:54
622,CAFE THE BRAVE,image_622_e6beee37.jpg,https://raw.githubusercontent.com/Coffice-Official/Coffice-Operating-Tool/main/cafe-image/image_622_e6beee37.jpg,2025-11-03 23:09:57
623,CAFE THE BRAVE,image_623_9ad2193b.jpg,https://raw.githubusercontent.com/Coffice-Official/Coffice-Operating-Tool/main/cafe-image/image_623_9ad2193b.jpg,2025-11-03 23:09:59
624,CAFE THE BRAVE,image_624_401bcc74.jpg,https://raw.githubusercontent.com/Coffice-Official/Coffice-Operating-Tool/main/cafe-image/image_624_401bcc74.jpg,2025-11-03 23:10:03
625,CAFE THE BRAVE,image_625_c5810efa.jpg,https://raw.githubusercontent.com/Coffice-Official/Coffice-Operating-Tool/main/cafe-image/image_625_c5810efa.jpg,2025-11-03 23:10:06
626,CAFE THE BRAVE,image_626_81fcc09e.jpg,https://raw.githubusercontent.com/Coffice-Official/Coffice-Operating-Tool/main/cafe-image/image_626_81fcc09e.jpg,2025-11-03 23:10:09
627,스타벅스 합정메세나몰점,image_627_79f3dae1.jpg,https://raw.githubusercontent.com/Coffice-Official/Coffice-Operating-Tool/main/cafe-image/image_627_79f3dae1.jpg,2025-11-03 23:10:11
628,스타벅스 합정메세나몰점,image_628_770f551d.jpg,https://raw.githubusercontent.com/Coffice-Official/Coffice-Operating-Tool/main/cafe-image/image_628_770f551d.jpg,2025-11-03 23:10:15
629,스타벅스 합정메세나몰점,image_629_864bb299.jpg,https://raw.githubusercontent.com/Coffice-Official/Coffice-Operating-Tool/main/cafe-image/image_629_864bb299.jpg,2025-11-03 23:10:18
638,카페 키푸카,image_638_411088d5.jpg,https://raw.githubusercontent.com/Coffice-Official/Coffice-Operating-Tool/main/cafe-image/image_638_411088d5.jpg,2025-11-03 23:10:23
639,카페 키푸카,image_639_b454ec6d.jpg,https://raw.githubusercontent.com/Coffice-Official/Coffice-Operating-Tool/main/cafe-image/image_639_b454ec6d.jpg,2025-11-03 23:10:26
640,스타벅스 숭례문점,image_640_c284adbf.jpg,https://raw.githubusercontent.com/Coffice-Official/Coffice-Operating-Tool/main/cafe-image/image_640_c284adbf.jpg,2025-11-03 23:10:30
641,카페 키푸카,image_641_6c3df210.jpg,https://raw.githubusercontent.com/Coffice-Official/Coffice-Operating-Tool/main/cafe-image/image_641_6c3df210.jpg,2025-11-03 23:10:33
642,스타벅스 숭례문점,image_642_3ef36aaa.jpg,https://raw.githubusercontent.com/Coffice-Official/Coffice-Operating-Tool/main/cafe-image/image_642_3ef36aaa.jpg,2025-11-03 23:10:37
643,스타벅스 숭례문점,image_643_3e64a474.jpg,https://raw.githubusercontent.com/Coffice-Official/Coffice-Operating-Tool/main/cafe-image/image_643_3e64a474.jpg,2025-11-03 23:10:40
644,스타벅스 숭례문점,image_644_ccfa9835.jpg,https://raw.githubusercontent.com/Coffice-Official/Coffice-Operating-Tool/main/cafe-image/image_644_ccfa9835.jpg,2025-11-03 23:10:43
645,스타벅스 숭례문점,image_645_820cd7ec.jpg,https://raw.githubusercontent.com/Coffice-Official/Coffice-Operating-Tool/main/cafe-image/image_645_820cd7ec.jpg,2025-11-03 23:10:45
646,가배도 남대문시장점,image_646_2c1e4ac6.jpg,https://raw.githubusercontent.com/Coffice-Official/Coffice-Operating-Tool/main/cafe-image/image_646_2c1e4ac6.jpg,2025-11-03 23:10:48
647,가배도 남대문시장점,image_647_59964d53.jpg,https://raw.githubusercontent.com/Coffice-Official/Coffice-Operating-Tool/main/cafe-image/image_647_59964d53.jpg,2025-11-03 23:10:51
648,가배도 남대문시장점,image_648_7b762664.jpg,https://raw.githubusercontent.com/Coffice-Official/Coffice-Operating-Tool/main/cafe-image/image_648_7b762664.jpg,2025-11-03 23:10:54
649,가배도 남대문시장점,image_649_2eeb29b6.jpg,https://raw.githubusercontent.com/Coffice-Official/Coffice-Operating-Tool/main/cafe-image/image_649_2eeb29b6.jpg,2025-11-03 23:10:57
650,가배도 남대문시장점,image_650_043f6e1b.jpg,https://raw.githubusercontent.com/Coffice-Official/Coffice-Operating-Tool/main/cafe-image/image_650_043f6e1b.jpg,2025-11-03 23:11:00
651,가배도 남대문시장점,image_651_f2af1336.jpg,https://raw.githubusercontent.com/Coffice-Official/Coffice-Operating-Tool/main/cafe-image/image_651_f2af1336.jpg,2025-11-03 23:11:04
652,가배도 남대문시장점,image_652_de0e86c5.jpg,https://raw.githubusercontent.com/Coffice-Official/Coffice-Operating-Tool/main/cafe-image/image_652_de0e86c5.jpg,2025-11-03 23:11:07
653,스타벅스 망원역점,image_653_5677a4fb.jpg,https://raw.githubusercontent.com/Coffice-Official/Coffice-Operating-Tool/main/cafe-image/image_653_5677a4fb.jpg,2025-11-03 23:11:11
654,스타벅스 망원역점,image_654_e228ff74.jpg,https://raw.githubusercontent.com/Coffice-Official/Coffice-Operating-Tool/main/cafe-image/image_654_e228ff74.jpg,2025-11-03 23:11:15
655,스타벅스 망원역점,image_655_db68091d.jpg,https://raw.githubusercontent.com/Coffice-Official/Coffice-Operating-Tool/main/cafe-image/image_655_db68091d.jpg,2025-11-03 23:11:18
656,스타벅스 망원역점,image_656_e129bd64.jpg,https://raw.githubusercontent.com/Coffice-Official/Coffice-Operating-Tool/main/cafe-image/image_656_e129bd64.jpg,2025-11-03 23:11:21
657,스타벅스 망원역점,image_657_c0b6aa05.jpg,https://raw.githubusercontent.com/Coffice-Official/Coffice-Operating-Tool/main/cafe-image/image_657_c0b6aa05.jpg,2025-11-03 23:11:23
658,스타벅스 망원역점,image_658_853d71fe.jpg,https://raw.githubusercontent.com/Coffice-Official/Coffice-Operating-Tool/main/cafe-image/image_658_853d71fe.jpg,2025-11-03 23:11:26
659,라뚜셩트,image_659_07c2425b.jpg,https://raw.githubusercontent.com/Coffice-Official/Coffice-Operating-Tool/main/cafe-image/image_659_07c2425b.jpg,2025-11-03 23:11:28
660,라뚜셩트,image_660_b4bae471.jpg,https://raw.githubusercontent.com/Coffice-Official/Coffice-Operating-Tool/main/cafe-image/image_660_b4bae471.jpg,2025-11-03 23:11:31
661,라뚜셩트,image_661_2861ca0e.jpg,https://raw.githubusercontent.com/Coffice-Official/Coffice-Operating-Tool/main/cafe-image/image_661_2861ca0e.jpg,2025-11-03 23:11:34
662,라뚜셩트,image_662_fee147cb.jpg,https://raw.githubusercontent.com/Coffice-Official/Coffice-Operating-Tool/main/cafe-image/image_662_fee147cb.jpg,2025-11-03 23:11:36
663,라뚜셩트,image_663_ae882a85.jpg,https://raw.githubusercontent.com/Coffice-Official/Coffice-Operating-Tool/main/cafe-image/image_663_ae882a85.jpg,2025-11-03 23:11:39
664,라뚜셩트,image_664_bcef9221.jpg,https://raw.githubusercontent.com/Coffice-Official/Coffice-Operating-Tool/main/cafe-image/image_664_bcef9221.jpg,2025-11-03 23:11:41
665,라뚜셩트,image_665_49193c4f.jpg,https://raw.githubusercontent.com/Coffice-Official/Coffice-Operating-Tool/main/cafe-image/image_665_49193c4f.jpg,2025-11-03 23:11:44
666,라뚜셩트,image_666_a2967bce.jpg,https://raw.githubusercontent.com/Coffice-Official/Coffice-Operating-Tool/main/cafe-image/image_666_a2967bce.jpg,2025-11-03 23:11:47
667,카페 페니키아,image_667_3fee75cd.jpg,https://raw.githubusercontent.com/Coffice-Official/Coffice-Operating-Tool/main/cafe-image/image_667_3fee75cd.jpg,2025-11-03 23:11:50
668,카페 페니키아,image_668_c69ca760.jpg,https://raw.githubusercontent.com/Coffice-Official/Coffice-Operating-Tool/main/cafe-image/image_668_c69ca760.jpg,2025-11-03 23:11:53
669,카페 페니키아,image_669_5e27644b.jpg,https://raw.githubusercontent.com/Coffice-Official/Coffice-Operating-Tool/main/cafe-image/image_669_5e27644b.jpg,2025-11-03 23:11:55
670,카페 페니키아,image_670_87203940.jpg,https://raw.githubusercontent.com/Coffice-Official/Coffice-Operating-Tool/main/cafe-image/image_670_87203940.jpg,2025-11-03 23:11:58
671,스타벅스 서울역서부점,image_671_bd818684.jpg,https://raw.githubusercontent.com/Coffice-Official/Coffice-Operating-Tool/main/cafe-image/image_671_bd818684.jpg,2025-11-03 23:12:00
672,스타벅스 서울역서부점,image_672_0ab021d1.jpg,https://raw.githubusercontent.com/Coffice-Official/Coffice-Operating-Tool/main/cafe-image/image_672_0ab021d1.jpg,2025-11-03 23:12:03
673,스타벅스 서울역서부점,image_673_b9740922.jpg,https://raw.githubusercontent.com/Coffice-Official/Coffice-Operating-Tool/main/cafe-image/image_673_b9740922.jpg,2025-11-03 23:12:05
674,스타벅스 서울역서부점,image_674_3d573bdc.jpg,https://raw.githubusercontent.com/Coffice-Official/Coffice-Operating-Tool/main/cafe-image/image_674_3d573bdc.jpg,2025-11-03 23:12:08
675,공차 광명하안점,image_675_e579893c.jpg,https://raw.githubusercontent.com/Coffice-Official/Coffice-Operating-Tool/main/cafe-image/image_675_e579893c.jpg,2025-11-03 23:12:11
676,공차 광명하안점,image_676_3186c3c4.jpg,https://raw.githubusercontent.com/Coffice-Official/Coffice-Operating-Tool/main/cafe-image/image_676_3186c3c4.jpg,2025-11-03 23:12:13
677,공차 광명하안점,image_677_b8beaaa6.jpg,https://raw.githubusercontent.com/Coffice-Official/Coffice-Operating-Tool/main/cafe-image/image_677_b8beaaa6.jpg,2025-11-03 23:12:15
678,공차 광명하안점,image_678_6d54d47c.jpg,https://raw.githubusercontent.com/Coffice-Official/Coffice-Operating-Tool/main/cafe-image/image_678_6d54d47c.jpg,2025-11-03 23:12:18
685,코지빌라커피,image_685_22bee9ec.jpg,https://raw.githubusercontent.com/Coffice-Official/Coffice-Operating-Tool/main/cafe-image/image_685_22bee9ec.jpg,2025-11-03 23:12:22
686,코지빌라커피,image_686_8d50a279.jpg,https://raw.githubusercontent.com/Coffice-Official/Coffice-Operating-Tool/main/cafe-image/image_686_8d50a279.jpg,2025-11-03 23:12:25
687,코지빌라커피,image_687_f8692e6e.jpg,https://raw.githubusercontent.com/Coffice-Official/Coffice-Operating-Tool/main/cafe-image/image_687_f8692e6e.jpg,2025-11-03 23:12:27
688,코지빌라커피,image_688_7e79693e.jpg,https://raw.githubusercontent.com/Coffice-Official/Coffice-Operating-Tool/main/cafe-image/image_688_7e79693e.jpg,2025-11-03 23:12:29
689,마스터커피,image_689_7f83a11d.jpg,https://raw.githubusercontent.com/Coffice-Official/Coffice-Operating-Tool/main/cafe-image/image_689_7f83a11d.jpg,2025-11-03 23:12:33
690,마스터커피,image_690_920ec221.jpg,https://raw.githubusercontent.com/Coffice-Official/Coffice-Operating-Tool/main/cafe-image/image_690_920ec221.jpg,2025-11-03 23:12:34
691,마스터커피,image_691_34af1130.jpg,https://raw.githubusercontent.com/Coffice-Official/Coffice-Operating-Tool/main/cafe-image/image_691_34af1130.jpg,2025-11-03 23:12:36
700,콘드,image_700_a88f3d25.jpg,https://raw.githubusercontent.com/Coffice-Official/Coffice-Operating-Tool/main/cafe-image/image_700_a88f3d25.jpg,2025-11-03 23:12:39
701,콘드,image_701_db664916.jpg,https://raw.githubusercontent.com/Coffice-Official/Coffice-Operating-Tool/main/cafe-image/image_701_db664916.jpg,2025-11-03 23:12:41
702,콘드,image_702_b7796de9.jpg,https://raw.githubusercontent.com/Coffice-Official/Coffice-Operating-Tool/main/cafe-image/image_702_b7796de9.jpg,2025-11-03 23:12:44
703,콘드,image_703_899b76e1.jpg,https://raw.githubusercontent.com/Coffice-Official/Coffice-Operating-Tool/main/cafe-image/image_703_899b76e1.jpg,2025-11-03 23:12:46
704,콘드,image_704_d470fa66.jpg,https://raw.githubusercontent.com/Coffice-Official/Coffice-Operating-Tool/main/cafe-image/image_704_d470fa66.jpg,2025-11-03 23:12:49
705,콘드,image_705_ea19d845.jpg,https://raw.githubusercontent.com/Coffice-Official/Coffice-Operating-Tool/main/cafe-image/image_705_ea19d845.jpg,2025-11-03 23:12:51
706,클래식 해례커피,image_706_c3a6b161.jpg,https://raw.githubusercontent.com/Coffice-Official/Coffice-Operating-Tool/main/cafe-image/image_706_c3a6b161.jpg,2025-11-03 23:12:54
707,클래식 해례커피,image_707_3930852c.jpg,https://raw.githubusercontent.com/Coffice-Official/Coffice-Operating-Tool/main/cafe-image/image_707_3930852c.jpg,2025-11-03 23:12:56
708,클래식 해례커피,image_708_34d3655e.jpg,https://raw.githubusercontent.com/Coffice-Official/Coffice-Operating-Tool/main/cafe-image/image_708_34d3655e.jpg,2025-11-03 23:12:59
709,클래식 해례커피,image_709_ae93584f.jpg,https://raw.githubusercontent.com/Coffice-Official/Coffice-Operating-Tool/main/cafe-image/image_709_ae93584f.jpg,2025-11-03 23:13:01
710,클래식 해례커피,image_710_68f2d64d.jpg,https://raw.githubusercontent.com/Coffice-Official/Coffice-Operating-Tool/main/cafe-image/image_710_68f2d64d.jpg,2025-11-03 23:13:05
711,클래식 해례커피,image_711_90d37844.jpg,https://raw.githubusercontent.com/Coffice-Official/Coffice-Operating-Tool/main/cafe-image/image_711_90d37844.jpg,2025-11-03 23:13:08
712,탐앤탐스 신도림점,image_712_6112f136.jpg,https://raw.githubusercontent.com/Coffice-Official/Coffice-Operating-Tool/main/cafe-image/image_712_6112f136.jpg,2025-11-03 23:13:10
713,탐앤탐스 신도림점,image_713_056a1523.jpg,https://raw.githubusercontent.com/Coffice-Official/Coffice-Operating-Tool/main/cafe-image/image_713_056a1523.jpg,2025-11-03 23:13:13
714,니드커피,image_714_0db3530a.jpg,https://raw.githubusercontent.com/Coffice-Official/Coffice-Operating-Tool/main/cafe-image/image_714_0db3530a.jpg,2025-11-03 23:13:16
715,니드커피,image_715_2a02ea5e.jpg,https://raw.githubusercontent.com/Coffice-Official/Coffice-Operating-Tool/main/cafe-image/image_715_2a02ea5e.jpg,2025-11-03 23:13:20
716,니드커피,image_716_f62d7a96.jpg,https://raw.githubusercontent.com/Coffice-Official/Coffice-Operating-Tool/main/cafe-image/image_716_f62d7a96.jpg,2025-11-03 23:13:22
717,니드커피,image_717_feb8d3dd.jpg,https://raw.githubusercontent.com/Coffice-Official/Coffice-Operating-Tool/main/cafe-image/image_717_feb8d3dd.jpg,2025-11-03 23:13:25
718,니드커피,image_718_d4fa623c.jpg,https://raw.githubusercontent.com/Coffice-Official/Coffice-Operating-Tool/main/cafe-image/image_718_d4fa623c.jpg,2025-11-03 23:13:28
719,스타벅스 문래동점,image_719_d55fb0c6.jpg,https://raw.githubusercontent.com/Coffice-Official/Coffice-Operating-Tool/main/cafe-image/image_719_d55fb0c6.jpg,2025-11-03 23:13:30
720,스타벅스 문래동점,image_720_717a644c.jpg,https://raw.githubusercontent.com/Coffice-Official/Coffice-Operating-Tool/main/cafe-image/image_720_717a644c.jpg,2025-11-03 23:13:32
721,스타벅스 문래동점,image_721_95b0b14f.jpg,https://raw.githubusercontent.com/Coffice-Official/Coffice-Operating-Tool/main/cafe-image/image_721_95b0b14f.jpg,2025-11-03 23:13:34
722,스타벅스 문래동점,image_722_33872fc3.jpg,https://raw.githubusercontent.com/Coffice-Official/Coffice-Operating-Tool/main/cafe-image/image_722_33872fc3.jpg,2025-11-03 23:13:38
723,앤트러사이트 서교점,image_723_291b398b.jpg,https://raw.githubusercontent.com/Coffice-Official/Coffice-Operating-Tool/main/cafe-image/image_723_291b398b.jpg,2025-11-03 23:13:40
724,앤트러사이트 서교점,image_724_77c1c0e2.jpg,https://raw.githubusercontent.com/Coffice-Official/Coffice-Operating-Tool/main/cafe-image/image_724_77c1c0e2.jpg,2025-11-03 23:13:42
725,스타벅스리저브 타임스퀘어점,image_725_f2b26e1d.jpg,https://raw.githubusercontent.com/Coffice-Official/Coffice-Operating-Tool/main/cafe-image/image_725_f2b26e1d.jpg,2025-11-03 23:13:46
726,스타벅스리저브 타임스퀘어점,image_726_96c5b0b7.jpg,https://raw.githubusercontent.com/Coffice-Official/Coffice-Operating-Tool/main/cafe-image/image_726_96c5b0b7.jpg,2025-11-03 23:13:48
727,스타벅스리저브 타임스퀘어점,image_727_be7c9d89.jpg,https://raw.githubusercontent.com/Coffice-Official/Coffice-Operating-Tool/main/cafe-image/image_727_be7c9d89.jpg,2025-11-03 23:13:50
728,읍천리382 석계역점,image_728_aabc3e03.jpg,https://raw.githubusercontent.com/Coffice-Official/Coffice-Operating-Tool/main/cafe-image/image_728_aabc3e03.jpg,2025-11-03 23:13:52
729,읍천리382 석계역점,image_729_8935d0f3.jpg,https://raw.githubusercontent.com/Coffice-Official/Coffice-Operating-Tool/main/cafe-image/image_729_8935d0f3.jpg,2025-11-03 23:13:54
730,읍천리382 석계역점,image_730_cde16da5.jpg,https://raw.githubusercontent.com/Coffice-Official/Coffice-Operating-Tool/main/cafe-image/image_730_cde16da5.jpg,2025-11-03 23:13:58
731,읍천리382 석계역점,image_731_df8fb6d7.jpg,https://raw.githubusercontent.com/Coffice-Official/Coffice-Operating-Tool/main/cafe-image/image_731_df8fb6d7.jpg,2025-11-03 23:14:01
732,읍천리382 석계역점,image_732_064fe3f2.jpg,https://raw.githubusercontent.com/Coffice-Official/Coffice-Operating-Tool/main/cafe-image/image_732_064fe3f2.jpg,2025-11-03 23:14:03
733,커피랩스로스터리,image_733_2e2bf39b.jpg,https://raw.githubusercontent.com/Coffice-Official/Coffice-Operating-Tool/main/cafe-image/image_733_2e2bf39b.jpg,2025-11-03 23:14:06
734,커피랩스로스터리,image_734_50403831.jpg,https://raw.githubusercontent.com/Coffice-Official/Coffice-Operating-Tool/main/cafe-image/image_734_50403831.jpg,2025-11-03 23:14:08
735,커피랩스로스터리,image_735_8ee793e5.jpg,https://raw.githubusercontent.com/Coffice-Official/Coffice-Operating-Tool/main/cafe-image/image_735_8ee793e5.jpg,2025-11-03 23:14:11
736,커피랩스로스터리,image_736_d6b5e313.jpg,https://raw.githubusercontent.com/Coffice-Official/Coffice-Operating-Tool/main/cafe-image/image_736_d6b5e313.jpg,2025-11-03 23:14:14
737,아뜰리에 에 마미,image_737_444f6a84.jpg,https://raw.githubusercontent.com/Coffice-Official/Coffice-Operating-Tool/main/cafe-image/image_737_444f6a84.jpg,2025-11-03 23:14:17
738,아뜰리에 에 마미,image_738_daf3e11f.jpg,https://raw.githubusercontent.com/Coffice-Official/Coffice-Operating-Tool/main/cafe-image/image_738_daf3e11f.jpg,2025-11-03 23:14:20
739,아뜰리에 에 마미,image_739_c8edb422.jpg,https://raw.githubusercontent.com/Coffice-Official/Coffice-Operating-Tool/main/cafe-image/image_739_c8edb422.jpg,2025-11-03 23:14:24
740,아뜰리에 에 마미,image_740_72fb7883.jpg,https://raw.githubusercontent.com/Coffice-Official/Coffice-Operating-Tool/main/cafe-image/image_740_72fb7883.jpg,2025-11-03 23:14:27
741,아뜰리에 에 마미,image_741_b72e1f9e.jpg,https://raw.githubusercontent.com/Coffice-Official/Coffice-Operating-Tool/main/cafe-image/image_741_b72e1f9e.jpg,2025-11-03 23:14:30
742,아뜰리에 에 마미,image_742_fa43b527.jpg,https://raw.githubusercontent.com/Coffice-Official/Coffice-Operating-Tool/main/cafe-image/image_742_fa43b527.jpg,2025-11-03 23:14:32
743,스타벅스 어린이대공원역점,image_743_b7f8310c.jpg,https://raw.githubusercontent.com/Coffice-Official/Coffice-Operating-Tool/main/cafe-image/image_743_b7f8310c.jpg,2025-11-03 23:14:35
744,스타벅스 어린이대공원역점,image_744_b851926d.jpg,https://raw.githubusercontent.com/Coffice-Official/Coffice-Operating-Tool/main/cafe-image/image_744_b851926d.jpg,2025-11-03 23:14:37
745,스타벅스 어린이대공원역점,image_745_1ec95bb3.jpg,https://raw.githubusercontent.com/Coffice-Official/Coffice-Operating-Tool/main/cafe-image/image_745_1ec95bb3.jpg,2025-11-03 23:14:39
746,스타벅스 어린이대공원역점,image_746_06511b05.jpg,https://raw.githubusercontent.com/Coffice-Official/Coffice-Operating-Tool/main/cafe-image/image_746_06511b05.jpg,2025-11-03 23:14:41
747,NUHOOD,image_747_a57bbf13.jpg,https://raw.githubusercontent.com/Coffice-Official/Coffice-Operating-Tool/main/cafe-image/image_747_a57bbf13.jpg,2025-11-03 23:14:45
748,NUHOOD,image_748_6a9ce688.jpg,https://raw.githubusercontent.com/Coffice-Official/Coffice-Operating-Tool/main/cafe-image/image_748_6a9ce688.jpg,2025-11-03 23:14:50
749,NUHOOD,image_749_007da6da.jpg,https://raw.githubusercontent.com/Coffice-Official/Coffice-Operating-Tool/main/cafe-image/image_749_007da6da.jpg,2025-11-03 23:14:52
750,NUHOOD,image_750_7686d328.jpg,https://raw.githubusercontent.com/Coffice-Official/Coffice-Operating-Tool/main/cafe-image/image_750_7686d328.jpg,2025-11-03 23:14:55
751,NUHOOD,image_751_c04b1f69.jpg,https://raw.githubusercontent.com/Coffice-Official/Coffice-Operating-Tool/main/cafe-image/image_751_c04b1f69.jpg,2025-11-03 23:14:58
752,NUHOOD,image_752_059712c7.jpg,https://raw.githubusercontent.com/Coffice-Official/Coffice-Operating-Tool/main/cafe-image/image_752_059712c7.jpg,2025-11-03 23:15:00
753,파리공방,image_753_32e5b959.png,https://raw.githubusercontent.com/Coffice-Official/Coffice-Operating-Tool/main/cafe-image/image_753_32e5b959.png,2025-11-03 23:15:02
754,파리공방,image_754_024d9305.png,https://raw.githubusercontent.com/Coffice-Official/Coffice-Operating-Tool/main/cafe-image/image_754_024d9305.png,2025-11-03 23:15:04
755,커피빈 신세계백화점타임스퀘어점,image_755_c5b43e4c.jpg,https://raw.githubusercontent.com/Coffice-Official/Coffice-Operating-Tool/main/cafe-image/image_755_c5b43e4c.jpg,2025-11-03 23:15:06
756,커피빈 신세계백화점타임스퀘어점,image_756_fd65822e.jpg,https://raw.githubusercontent.com/Coffice-Official/Coffice-Operating-Tool/main/cafe-image/image_756_fd65822e.jpg,2025-11-03 23:15:09
757,커피빈 신세계백화점타임스퀘어점,image_757_f0413e47.jpg,https://raw.githubusercontent.com/Coffice-Official/Coffice-Operating-Tool/main/cafe-image/image_757_f0413e47.jpg,2025-11-03 23:15:11
758,커피빈 신세계백화점타임스퀘어점,image_758_490729d9.jpg,https://raw.githubusercontent.com/Coffice-Official/Coffice-Operating-Tool/main/cafe-image/image_758_490729d9.jpg,2025-11-03 23:15:15
759,사루,image_759_c8d63fd3.jpg,https://raw.githubusercontent.com/Coffice-Official/Coffice-Operating-Tool/main/cafe-image/image_759_c8d63fd3.jpg,2025-11-03 23:15:18
760,사루,image_760_a961194b.jpg,https://raw.githubusercontent.com/Coffice-Official/Coffice-Operating-Tool/main/cafe-image/image_760_a961194b.jpg,2025-11-03 23:15:22
761,사루,image_761_4a38aa0d.jpg,https://raw.githubusercontent.com/Coffice-Official/Coffice-Operating-Tool/main/cafe-image/image_761_4a38aa0d.jpg,2025-11-03 23:15:24
762,사루,image_762_2229f70a.jpg,https://raw.githubusercontent.com/Coffice-Official/Coffice-Operating-Tool/main/cafe-image/image_762_2229f70a.jpg,2025-11-03 23:15:29
763,사루,image_763_84640f01.jpg,https://raw.githubusercontent.com/Coffice-Official/Coffice-Operating-Tool/main/cafe-image/image_763_84640f01.jpg,2025-11-03 23:15:32
764,사루,image_764_171cbbfa.jpg,https://raw.githubusercontent.com/Coffice-Official/Coffice-Operating-Tool/main/cafe-image/image_764_171cbbfa.jpg,2025-11-03 23:15:35
765,모피크,image_765_41aacf37.jpg,https://raw.githubusercontent.com/Coffice-Official/Coffice-Operating-Tool/main/cafe-image/image_765_41aacf37.jpg,2025-11-03 23:15:38
766,모피크,image_766_61cb7be9.jpg,https://raw.githubusercontent.com/Coffice-Official/Coffice-Operating-Tool/main/cafe-image/image_766_61cb7be9.jpg,2025-11-03 23:15:40
767,모피크,image_767_35e17841.jpg,https://raw.githubusercontent.com/Coffice-Official/Coffice-Operating-Tool/main/cafe-image/image_767_35e17841.jpg,2025-11-03 23:15:43
768,모피크,image_768_574bcd3b.jpg,https://raw.githubusercontent.com/Coffice-Official/Coffice-Operating-Tool/main/cafe-image/image_768_574bcd3b.jpg,2025-11-03 23:15:47
769,위아더,image_769_2f1e1878.jpg,https://raw.githubusercontent.com/Coffice-Official/Coffice-Operating-Tool/main/cafe-image/image_769_2f1e1878.jpg,2025-11-03 23:15:49
770,위아더,image_770_4baa735a.jpg,https://raw.githubusercontent.com/Coffice-Official/Coffice-Operating-Tool/main/cafe-image/image_770_4baa735a.jpg,2025-11-03 23:15:52
771,위아더,image_771_d18e164f.jpg,https://raw.githubusercontent.com/Coffice-Official/Coffice-Operating-Tool/main/cafe-image/image_771_d18e164f.jpg,2025-11-03 23:15:55
772,위아더,image_772_5e65d60d.jpg,https://raw.githubusercontent.com/Coffice-Official/Coffice-Operating-Tool/main/cafe-image/image_772_5e65d60d.jpg,2025-11-03 23:15:58
773,위아더,image_773_469e5fb9.jpg,https://raw.githubusercontent.com/Coffice-Official/Coffice-Operating-Tool/main/cafe-image/image_773_469e5fb9.jpg,2025-11-03 23:16:01
774,위아더,image_774_f8de1463.jpg,https://raw.githubusercontent.com/Coffice-Official/Coffice-Operating-Tool/main/cafe-image/image_774_f8de1463.jpg,2025-11-03 23:16:04
775,2층사무실,image_775_d6f18cc0.jpg,https://raw.githubusercontent.com/Coffice-Official/Coffice-Operating-Tool/main/cafe-image/image_775_d6f18cc0.jpg,2025-11-03 23:16:07
776,2층사무실,image_776_4e85b8d6.jpg,https://raw.githubusercontent.com/Coffice-Official/Coffice-Operating-Tool/main/cafe-image/image_776_4e85b8d6.jpg,2025-11-03 23:16:09
777,2층사무실,image_777_af5e8e3d.jpg,https://raw.githubusercontent.com/Coffice-Official/Coffice-Operating-Tool/main/cafe-image/image_777_af5e8e3d.jpg,2025-11-03 23:16:12
778,2층사무실,image_778_5851621a.jpg,https://raw.githubusercontent.com/Coffice-Official/Coffice-Operating-Tool/main/cafe-image/image_778_5851621a.jpg,2025-11-03 23:16:15
779,2층사무실,image_779_36b0c615.jpg,https://raw.githubusercontent.com/Coffice-Official/Coffice-Operating-Tool/main/cafe-image/image_779_36b0c615.jpg,2025-11-03 23:16:18
780,2층사무실,image_780_aa9f3a5b.jpg,https://raw.githubusercontent.com/Coffice-Official/Coffice-Operating-Tool/main/cafe-image/image_780_aa9f3a5b.jpg,2025-11-03 23:16:21
781,2층사무실,image_781_036b86d2.jpg,https://raw.githubusercontent.com/Coffice-Official/Coffice-Operating-Tool/main/cafe-image/image_781_036b86d2.jpg,2025-11-03 23:16:23
782,2층사무실,image_782_47362eb2.jpg,https://raw.githubusercontent.com/Coffice-Official/Coffice-Operating-Tool/main/cafe-image/image_782_47362eb2.jpg,2025-11-03 23:16:26
783,스타벅스 가산현대아울렛점,image_783_2df0e62c.jpg,https://raw.githubusercontent.com/Coffice-Official/Coffice-Operating-Tool/main/cafe-image/image_783_2df0e62c.jpg,2025-11-03 23:16:28
784,스타벅스 가산현대아울렛점,image_784_c0e27797.jpg,https://raw.githubusercontent.com/Coffice-Official/Coffice-Operating-Tool/main/cafe-image/image_784_c0e27797.jpg,2025-11-03 23:16:31
785,umoae,image_785_ceb2eee1.jpg,https://raw.githubusercontent.com/Coffice-Official/Coffice-Operating-Tool/main/cafe-image/image_785_ceb2eee1.jpg,2025-11-03 23:16:34
786,umoae,image_786_3757ffcd.jpg,https://raw.githubusercontent.com/Coffice-Official/Coffice-Operating-Tool/main/cafe-image/image_786_3757ffcd.jpg,2025-11-03 23:16:38
787,umoae,image_787_0383307d.jpg,https://raw.githubusercontent.com/Coffice-Official/Coffice-Operating-Tool/main/cafe-image/image_787_0383307d.jpg,2025-11-03 23:16:41
788,umoae,image_788_5188511e.jpg,https://raw.githubusercontent.com/Coffice-Official/Coffice-Operating-Tool/main/cafe-image/image_788_5188511e.jpg,2025-11-03 23:16:43
789,umoae,image_789_be9a7fa6.jpg,https://raw.githubusercontent.com/Coffice-Official/Coffice-Operating-Tool/main/cafe-image/image_789_be9a7fa6.jpg,2025-11-03 23:16:46
790,umoae,image_790_a97f614f.jpg,https://raw.githubusercontent.com/Coffice-Official/Coffice-Operating-Tool/main/cafe-image/image_790_a97f614f.jpg,2025-11-03 23:16:48
791,umoae,image_791_2b6d487b.jpg,https://raw.githubusercontent.com/Coffice-Official/Coffice-Operating-Tool/main/cafe-image/image_791_2b6d487b.jpg,2025-11-03 23:16:51
792,혹스턴,image_792_651575df.jpg,https://raw.githubusercontent.com/Coffice-Official/Coffice-Operating-Tool/main/cafe-image/image_792_651575df.jpg,2025-11-03 23:16:55
793,혹스턴,image_793_c35e2721.jpg,https://raw.githubusercontent.com/Coffice-Official/Coffice-Operating-Tool/main/cafe-image/image_793_c35e2721.jpg,2025-11-03 23:16:57
794,혹스턴,image_794_c58d8f75.jpg,https://raw.githubusercontent.com/Coffice-Official/Coffice-Operating-Tool/main/cafe-image/image_794_c58d8f75.jpg,2025-11-03 23:16:59
795,혹스턴,image_795_a802edb4.jpg,https://raw.githubusercontent.com/Coffice-Official/Coffice-Operating-Tool/main/cafe-image/image_795_a802edb4.jpg,2025-11-03 23:17:03
796,혹스턴,image_796_17fb80f1.jpg,https://raw.githubusercontent.com/Coffice-Official/Coffice-Operating-Tool/main/cafe-image/image_796_17fb80f1.jpg,2025-11-03 23:17:07
797,혹스턴,image_797_f3e6f99f.jpg,https://raw.githubusercontent.com/Coffice-Official/Coffice-Operating-Tool/main/cafe-image/image_797_f3e6f99f.jpg,2025-11-03 23:17:09
798,카페 키푸카,image_798_2930466c.jpg,https://raw.githubusercontent.com/Coffice-Official/Coffice-Operating-Tool/main/cafe-image/image_798_2930466c.jpg,2025-11-03 23:17:11
799,카페 키푸카,image_799_82750e00.jpg,https://raw.githubusercontent.com/Coffice-Official/Coffice-Operating-Tool/main/cafe-image/image_799_82750e00.jpg,2025-11-03 23:17:14
800,카페 키푸카,image_800_07c913c7.jpg,https://raw.githubusercontent.com/Coffice-Official/Coffice-Operating-Tool/main/cafe-image/image_800_07c913c7.jpg,2025-11-03 23:17:18
801,카페 키푸카,image_801_30eaec1c.jpg,https://raw.githubusercontent.com/Coffice-Official/Coffice-Operating-Tool/main/cafe-image/image_801_30eaec1c.jpg,2025-11-03 23:17:21
802,투썸플레이스 여의도롯데캐슬아이비점,image_802_e1e68e9d.jpg,https://raw.githubusercontent.com/Coffice-Official/Coffice-Operating-Tool/main/cafe-image/image_802_e1e68e9d.jpg,2025-11-03 23:17:24
803,투썸플레이스 여의도롯데캐슬아이비점,image_803_0259120b.jpg,https://raw.githubusercontent.com/Coffice-Official/Coffice-Operating-Tool/main/cafe-image/image_803_0259120b.jpg,2025-11-03 23:17:26
804,베일리,image_804_bfcbf676.jpg,https://raw.githubusercontent.com/Coffice-Official/Coffice-Operating-Tool/main/cafe-image/image_804_bfcbf676.jpg,2025-11-03 23:17:29
805,베일리,image_805_8bd13d67.jpg,https://raw.githubusercontent.com/Coffice-Official/Coffice-Operating-Tool/main/cafe-image/image_805_8bd13d67.jpg,2025-11-03 23:17:31
806,베일리,image_806_4b708244.jpg,https://raw.githubusercontent.com/Coffice-Official/Coffice-Operating-Tool/main/cafe-image/image_806_4b708244.jpg,2025-11-03 23:17:35
807,베일리,image_807_16e6bddb.jpg,https://raw.githubusercontent.com/Coffice-Official/Coffice-Operating-Tool/main/cafe-image/image_807_16e6bddb.jpg,2025-11-03 23:17:37
808,베일리,image_808_87d1de55.jpg,https://raw.githubusercontent.com/Coffice-Official/Coffice-Operating-Tool/main/cafe-image/image_808_87d1de55.jpg,2025-11-03 23:17:39
809,베일리,image_809_a1477ef8.jpg,https://raw.githubusercontent.com/Coffice-Official/Coffice-Operating-Tool/main/cafe-image/image_809_a1477ef8.jpg,2025-11-03 23:17:41
824,테라로사 포스코센터점,image_824_95e1798d.jpg,https://raw.githubusercontent.com/Coffice-Official/Coffice-Operating-Tool/main/cafe-image/image_824_95e1798d.jpg,2025-11-03 23:17:44
825,테라로사 포스코센터점,image_825_2c62d25e.jpg,https://raw.githubusercontent.com/Coffice-Official/Coffice-Operating-Tool/main/cafe-image/image_825_2c62d25e.jpg,2025-11-03 23:17:48
826,테라로사 포스코센터점,image_826_ba537a5f.jpg,https://raw.githubusercontent.com/Coffice-Official/Coffice-Operating-Tool/main/cafe-image/image_826_ba537a5f.jpg,2025-11-03 23:17:51
827,테라로사 포스코센터점,image_827_bfdad3d2.jpg,https://raw.githubusercontent.com/Coffice-Official/Coffice-Operating-Tool/main/cafe-image/image_827_bfdad3d2.jpg,2025-11-03 23:17:54
828,테라로사 포스코센터점,image_828_e8476ee6.jpg,https://raw.githubusercontent.com/Coffice-Official/Coffice-Operating-Tool/main/cafe-image/image_828_e8476ee6.jpg,2025-11-03 23:17:56
829,그레이랩,image_829_23afec89.jpg,https://raw.githubusercontent.com/Coffice-Official/Coffice-Operating-Tool/main/cafe-image/image_829_23afec89.jpg,2025-11-03 23:17:58
830,그레이랩,image_830_ec34471e.jpg,https://raw.githubusercontent.com/Coffice-Official/Coffice-Operating-Tool/main/cafe-image/image_830_ec34471e.jpg,2025-11-03 23:18:03
831,그레이랩,image_831_7a87c777.jpg,https://raw.githubusercontent.com/Coffice-Official/Coffice-Operating-Tool/main/cafe-image/image_831_7a87c777.jpg,2025-11-03 23:18:07
832,그레이랩,image_832_c52e1460.jpg,https://raw.githubusercontent.com/Coffice-Official/Coffice-Operating-Tool/main/cafe-image/image_832_c52e1460.jpg,2025-11-03 23:18:09
833,그레이랩,image_833_90c574ff.jpg,https://raw.githubusercontent.com/Coffice-Official/Coffice-Operating-Tool/main/cafe-image/image_833_90c574ff.jpg,2025-11-03 23:18:13
834,그레이랩,image_834_e1a8bccf.jpg,https://raw.githubusercontent.com/Coffice-Official/Coffice-Operating-Tool/main/cafe-image/image_834_e1a8bccf.jpg,2025-11-03 23:18:16
835,그레이랩,image_835_3717bae2.jpg,https://raw.githubusercontent.com/Coffice-Official/Coffice-Operating-Tool/main/cafe-image/image_835_3717bae2.jpg,2025-11-03 23:18:18
836,프로토콜 상수점,image_836_8c1c7bdc.jpg,https://raw.githubusercontent.com/Coffice-Official/Coffice-Operating-Tool/main/cafe-image/image_836_8c1c7bdc.jpg,2025-11-03 23:18:21
837,프로토콜 상수점,image_837_c166384d.jpg,https://raw.githubusercontent.com/Coffice-Official/Coffice-Operating-Tool/main/cafe-image/image_837_c166384d.jpg,2025-11-03 23:18:25
838,프로토콜 상수점,image_838_d18bae65.jpg,https://raw.githubusercontent.com/Coffice-Official/Coffice-Operating-Tool/main/cafe-image/image_838_d18bae65.jpg,2025-11-03 23:18:27
839,프로토콜 상수점,image_839_6d0f1a5f.jpg,https://raw.githubusercontent.com/Coffice-Official/Coffice-Operating-Tool/main/cafe-image/image_839_6d0f1a5f.jpg,2025-11-03 23:18:31
840,프로토콜 상수점,image_840_07634eab.jpg,https://raw.githubusercontent.com/Coffice-Official/Coffice-Operating-Tool/main/cafe-image/image_840_07634eab.jpg,2025-11-03 23:18:35
841,프로토콜 상수점,image_841_5a57cbed.jpg,https://raw.githubusercontent.com/Coffice-Official/Coffice-Operating-Tool/main/cafe-image/image_841_5a57cbed.jpg,2025-11-03 23:18:38
842,프로토콜 상수점,image_842_d6c3d230.jpg,https://raw.githubusercontent.com/Coffice-Official/Coffice-Operating-Tool/main/cafe-image/image_842_d6c3d230.jpg,2025-11-03 23:18:42
843,프로토콜 상수점,image_843_72b2ea2b.jpg,https://raw.githubusercontent.com/Coffice-Official/Coffice-Operating-Tool/main/cafe-image/image_843_72b2ea2b.jpg,2025-11-03 23:18:45
970,정월,image_970_56d1a4f2.jpg,https://raw.githubusercontent.com/Coffice-Official/Coffice-Operating-Tool/main/cafe-image/image_970_56d1a4f2.jpg,2025-11-03 23:18:48
971,정월,image_971_b00d3c52.jpg,https://raw.githubusercontent.com/Coffice-Official/Coffice-Operating-Tool/main/cafe-image/image_971_b00d3c52.jpg,2025-11-03 23:18:51
972,정월,image_972_268b3179.jpg,https://raw.githubusercontent.com/Coffice-Official/Coffice-Operating-Tool/main/cafe-image/image_972_268b3179.jpg,2025-11-03 23:18:53
973,정월,image_973_d37c7e85.png,https://raw.githubusercontent.com/Coffice-Official/Coffice-Operating-Tool/main/cafe-image/image_973_d37c7e85.png,2025-11-03 23:18:56
974,정월,image_974_a6583bae.jpg,https://raw.githubusercontent.com/Coffice-Official/Coffice-Operating-Tool/main/cafe-image/image_974_a6583bae.jpg,2025-11-03 23:18:59
976,정월,image_976_22745796.jpg,https://raw.githubusercontent.com/Coffice-Official/Coffice-Operating-Tool/main/cafe-image/image_976_22745796.jpg,2025-11-03 23:19:02
982,카페로뎀나무,image_982_424e04cb.jpg,https://raw.githubusercontent.com/Coffice-Official/Coffice-Operating-Tool/main/cafe-image/image_982_424e04cb.jpg,2025-11-03 23:19:04
983,카페로뎀나무,image_983_73f52abb.jpg,https://raw.githubusercontent.com/Coffice-Official/Coffice-Operating-Tool/main/cafe-image/image_983_73f52abb.jpg,2025-11-03 23:19:06
984,만나소,image_984_a89b1c67.jpg,https://raw.githubusercontent.com/Coffice-Official/Coffice-Operating-Tool/main/cafe-image/image_984_a89b1c67.jpg,2025-11-03 23:19:09
985,만나소,image_985_2bbfe816.jpg,https://raw.githubusercontent.com/Coffice-Official/Coffice-Operating-Tool/main/cafe-image/image_985_2bbfe816.jpg,2025-11-03 23:19:12
986,만나소,image_986_781ed45b.jpg,https://raw.githubusercontent.com/Coffice-Official/Coffice-Operating-Tool/main/cafe-image/image_986_781ed45b.jpg,2025-11-03 23:19:16
987,셰프의 아이들,image_987_7c32f695.jpg,https://raw.githubusercontent.com/Coffice-Official/Coffice-Operating-Tool/main/cafe-image/image_987_7c32f695.jpg,2025-11-03 23:19:19
988,셰프의 아이들,image_988_e7e1e7c4.jpg,https://raw.githubusercontent.com/Coffice-Official/Coffice-Operating-Tool/main/cafe-image/image_988_e7e1e7c4.jpg,2025-11-03 23:19:22
989,셰프의 아이들,image_989_68bc3cd8.jpg,https://raw.githubusercontent.com/Coffice-Official/Coffice-Operating-Tool/main/cafe-image/image_989_68bc3cd8.jpg,2025-11-03 23:19:25
990,셰프의 아이들,image_990_68f72183.jpg,https://raw.githubusercontent.com/Coffice-Official/Coffice-Operating-Tool/main/cafe-image/image_990_68f72183.jpg,2025-11-03 23:19:27
991,스타벅스 무교로점,image_991_dffe5161.jpg,https://raw.githubusercontent.com/Coffice-Official/Coffice-Operating-Tool/main/cafe-image/image_991_dffe5161.jpg,2025-11-03 23:19:30
992,스타벅스 무교로점,image_992_840e563b.png,https://raw.githubusercontent.com/Coffice-Official/Coffice-Operating-Tool/main/cafe-image/image_992_840e563b.png,2025-11-03 23:19:31
993,스타벅스 무교로점,image_993_dffe5161.jpg,https://raw.githubusercontent.com/Coffice-Official/Coffice-Operating-Tool/main/cafe-image/image_993_dffe5161.jpg,2025-11-03 23:19:34
994,스타벅스 무교로점,image_994_840e563b.png,https://raw.githubusercontent.com/Coffice-Official/Coffice-Operating-Tool/main/cafe-image/image_994_840e563b.png,2025-11-03 23:19:36
995,에이바우트커피 광명점,image_995_d1ff3a5a.jpg,https://raw.githubusercontent.com/Coffice-Official/Coffice-Operating-Tool/main/cafe-image/image_995_d1ff3a5a.jpg,2025-11-03 23:19:39
996,에이바우트커피 광명점,image_996_291e4fb0.jpg,https://raw.githubusercontent.com/Coffice-Official/Coffice-Operating-Tool/main/cafe-image/image_996_291e4fb0.jpg,2025-11-03 23:19:42
997,에이바우트커피 광명점,image_997_0470367d.jpg,https://raw.githubusercontent.com/Coffice-Official/Coffice-Operating-Tool/main/cafe-image/image_997_0470367d.jpg,2025-11-03 23:19:46
998,동탄 카페 아워시즌,image_998_eacbd3ac.jpg,https://raw.githubusercontent.com/Coffice-Official/Coffice-Operating-Tool/main/cafe-image/image_998_eacbd3ac.jpg,2025-11-03 23:19:47
999,동탄 카페 아워시즌,image_999_f20ec026.jpg,https://raw.githubusercontent.com/Coffice-Official/Coffice-Operating-Tool/main/cafe-image/image_999_f20ec026.jpg,2025-11-03 23:19:49
1000,스타벅스 한국프레스센터점,image_1000_dffe5161.jpg,https://raw.githubusercontent.com/Coffice-Official/Coffice-Operating-Tool/main/cafe-image/image_1000_dffe5161.jpg,2025-11-03 23:19:51
1001,스타벅스 한국프레스센터점,image_1001_840e563b.png,https://raw.githubusercontent.com/Coffice-Official/Coffice-Operating-Tool/main/cafe-image/image_1001_840e563b.png,2025-11-03 23:19:53
1002,티프 동대문,image_1002_c61310e1.jpg,https://raw.githubusercontent.com/Coffice-Official/Coffice-Operating-Tool/main/cafe-image/image_1002_c61310e1.jpg,2025-11-03 23:19:56
1003,티프 동대문,image_1003_00379df1.jpg,https://raw.githubusercontent.com/Coffice-Official/Coffice-Operating-Tool/main/cafe-image/image_1003_00379df1.jpg,2025-11-03 23:19:59
1004,티프 동대문,image_1004_f49b501f.jpg,https://raw.githubusercontent.com/Coffice-Official/Coffice-Operating-Tool/main/cafe-image/image_1004_f49b501f.jpg,2025-11-03 23:20:02
1005,티프 동대문,image_1005_69836bce.jpg,https://raw.githubusercontent.com/Coffice-Official/Coffice-Operating-Tool/main/cafe-image/image_1005_69836bce.jpg,2025-11-03 23:20:05
1006,Osds 연남,image_1006_1977cb65.jpg,https://raw.githubusercontent.com/Coffice-Official/Coffice-Operating-Tool/main/cafe-image/image_1006_1977cb65.jpg,2025-11-03 23:20:08
1007,Osds 연남,image_1007_010c58e3.jpg,https://raw.githubusercontent.com/Coffice-Official/Coffice-Operating-Tool/main/cafe-image/image_1007_010c58e3.jpg,2025-11-03 23:20:10
1008,Osds 연남,image_1008_26bd176c.jpg,https://raw.githubusercontent.com/Coffice-Official/Coffice-Operating-Tool/main/cafe-image/image_1008_26bd176c.jpg,2025-11-03 23:20:11
1009,Osds 연남,image_1009_ebb3a5df.jpg,https://raw.githubusercontent.com/Coffice-Official/Coffice-Operating-Tool/main/cafe-image/image_1009_ebb3a5df.jpg,2025-11-03 23:20:13
1010,Osds 연남,image_1010_bc06e0c8.jpg,https://raw.githubusercontent.com/Coffice-Official/Coffice-Operating-Tool/main/cafe-image/image_1010_bc06e0c8.jpg,2025-11-03 23:20:14
1011,채롭,image_1011_dce573be.jpg,https://raw.githubusercontent.com/Coffice-Official/Coffice-Operating-Tool/main/cafe-image/image_1011_dce573be.jpg,2025-11-03 23:20:17
1012,채롭,image_1012_0b7bc15c.jpg,https://raw.githubusercontent.com/Coffice-Official/Coffice-Operating-Tool/main/cafe-image/image_1012_0b7bc15c.jpg,2025-11-03 23:20:19
1013,채롭,image_1013_73d62538.jpg,https://raw.githubusercontent.com/Coffice-Official/Coffice-Operating-Tool/main/cafe-image/image_1013_73d62538.jpg,2025-11-03 23:20:22
1014,채롭,image_1014_a34115b6.jpg,https://raw.githubusercontent.com/Coffice-Official/Coffice-Operating-Tool/main/cafe-image/image_1014_a34115b6.jpg,2025-11-03 23:20:26
1015,투썸플레이스 신림역점,image_1015_2a69c877.jpg,https://raw.githubusercontent.com/Coffice-Official/Coffice-Operating-Tool/main/cafe-image/image_1015_2a69c877.jpg,2025-11-03 23:20:28
1016,투썸플레이스 신림역점,image_1016_56dbe08e.jpg,https://raw.githubusercontent.com/Coffice-Official/Coffice-Operating-Tool/main/cafe-image/image_1016_56dbe08e.jpg,2025-11-03 23:20:32
1017,투썸플레이스 신림역점,image_1017_2c95dfa1.jpg,https://raw.githubusercontent.com/Coffice-Official/Coffice-Operating-Tool/main/cafe-image/image_1017_2c95dfa1.jpg,2025-11-03 23:20:33
1018,커피나인 이태원,image_1018_a84071d7.jpg,https://raw.githubusercontent.com/Coffice-Official/Coffice-Operating-Tool/main/cafe-image/image_1018_a84071d7.jpg,2025-11-03 23:20:36
1019,커피나인 이태원,image_1019_7d2f4c06.jpg,https://raw.githubusercontent.com/Coffice-Official/Coffice-Operating-Tool/main/cafe-image/image_1019_7d2f4c06.jpg,2025-11-03 23:20:39
1020,커피나인 이태원,image_1020_7d7c5a1b.jpg,https://raw.githubusercontent.com/Coffice-Official/Coffice-Operating-Tool/main/cafe-image/image_1020_7d7c5a1b.jpg,2025-11-03 23:20:40
1021,커피나인 이태원,image_1021_0a69a574.jpg,https://raw.githubusercontent.com/Coffice-Official/Coffice-Operating-Tool/main/cafe-image/image_1021_0a69a574.jpg,2025-11-03 23:20:42
1022,세녹,image_1022_316df18f.png,https://raw.githubusercontent.com/Coffice-Official/Coffice-Operating-Tool/main/cafe-image/image_1022_316df18f.png,2025-11-03 23:20:45
1023,세녹,image_1023_ab6785d3.jpg,https://raw.githubusercontent.com/Coffice-Official/Coffice-Operating-Tool/main/cafe-image/image_1023_ab6785d3.jpg,2025-11-03 23:20:48
1024,킷사텐 서울역센트럴자이점,image_1024_95bab16e.jpg,https://raw.githubusercontent.com/Coffice-Official/Coffice-Operating-Tool/main/cafe-image/image_1024_95bab16e.jpg,2025-11-03 23:20:50
1025,킷사텐 서울역센트럴자이점,image_1025_84b6c1bf.jpg,https://raw.githubusercontent.com/Coffice-Official/Coffice-Operating-Tool/main/cafe-image/image_1025_84b6c1bf.jpg,2025-11-03 23:20:52
1026,킷사텐 서울역센트럴자이점,image_1026_48d036b0.jpg,https://raw.githubusercontent.com/Coffice-Official/Coffice-Operating-Tool/main/cafe-image/image_1026_48d036b0.jpg,2025-11-03 23:20:54
1027,커피나인 종로,image_1027_7d2f4c06.jpg,https://raw.githubusercontent.com/Coffice-Official/Coffice-Operating-Tool/main/cafe-image/image_1027_7d2f4c06.jpg,2025-11-03 23:20:56
1028,커피나인 종로,image_1028_7d7c5a1b.jpg,https://raw.githubusercontent.com/Coffice-Official/Coffice-Operating-Tool/main/cafe-image/image_1028_7d7c5a1b.jpg,2025-11-03 23:20:58
1029,커피나인 종로,image_1029_a84071d7.jpg,https://raw.githubusercontent.com/Coffice-Official/Coffice-Operating-Tool/main/cafe-image/image_1029_a84071d7.jpg,2025-11-03 23:21:00
1030,커피나인 종로,image_1030_0a69a574.jpg,https://raw.githubusercontent.com/Coffice-Official/Coffice-Operating-Tool/main/cafe-image/image_1030_0a69a574.jpg,2025-11-03 23:21:03
1032,testtest,image_1032_1ab30fe0.png,https://raw.githubusercontent.com/Coffice-Official/Coffice-Operating-Tool/main/cafe-image/image_1032_1ab30fe0.png,2025-11-03 23:21:05
1033,testtest,image_1033_1ab30fe0.png,https://raw.githubusercontent.com/Coffice-Official/Coffice-Operating-Tool/main/cafe-image/image_1033_1ab30fe0.png,2025-11-03 23:21:06
1034,testtest,image_1034_1ab30fe0.png,https://raw.githubusercontent.com/Coffice-Official/Coffice-Operating-Tool/main/cafe-image/image_1034_1ab30fe0.png,2025-11-03 23:21:07
1045,킷사텐 서울역센트럴자이점,image_1045_48d036b0.jpg,https://raw.githubusercontent.com/Coffice-Official/Coffice-Operating-Tool/main/cafe-image/image_1045_48d036b0.jpg,2025-11-03 23:21:10
1046,킷사텐 서울역센트럴자이점,image_1046_84b6c1bf.jpg,https://raw.githubusercontent.com/Coffice-Official/Coffice-Operating-Tool/main/cafe-image/image_1046_84b6c1bf.jpg,2025-11-03 23:21:13
1047,투썸플레이스 안양1번가점,image_1047_a74a6334.jpg,https://raw.githubusercontent.com/Coffice-Official/Coffice-Operating-Tool/main/cafe-image/image_1047_a74a6334.jpg,2025-11-03 23:21:16
1048,투썸플레이스 안양1번가점,image_1048_05138c09.jpg,https://raw.githubusercontent.com/Coffice-Official/Coffice-Operating-Tool/main/cafe-image/image_1048_05138c09.jpg,2025-11-03 23:21:18
1049,투썸플레이스 안양1번가점,image_1049_f30b4a67.jpg,https://raw.githubusercontent.com/Coffice-Official/Coffice-Operating-Tool/main/cafe-image/image_1049_f30b4a67.jpg,2025-11-03 23:21:20
1050,투썸플레이스 안양1번가점,image_1050_a064fe01.jpg,https://raw.githubusercontent.com/Coffice-Official/Coffice-Operating-Tool/main/cafe-image/image_1050_a064fe01.jpg,2025-11-03 23:21:22
1051,엔제리너스 이수역점,image_1051_19cc2ca2.jpg,https://raw.githubusercontent.com/Coffice-Official/Coffice-Operating-Tool/main/cafe-image/image_1051_19cc2ca2.jpg,2025-11-03 23:21:25
1052,엔제리너스 이수역점,image_1052_aa3def8a.jpg,https://raw.githubusercontent.com/Coffice-Official/Coffice-Operating-Tool/main/cafe-image/image_1052_aa3def8a.jpg,2025-11-03 23:21:28
1053,엔제리너스 이수역점,image_1053_29b7fe6e.jpg,https://raw.githubusercontent.com/Coffice-Official/Coffice-Operating-Tool/main/cafe-image/image_1053_29b7fe6e.jpg,2025-11-03 23:21:31
1069,와우카페,image_1069_3f5f1a23.jpg,https://raw.githubusercontent.com/Coffice-Official/Coffice-Operating-Tool/main/cafe-image/image_1069_3f5f1a23.jpg,2025-11-03 23:21:35
1070,와우카페,image_1070_c125fc5d.jpg,https://raw.githubusercontent.com/Coffice-Official/Coffice-Operating-Tool/main/cafe-image/image_1070_c125fc5d.jpg,2025-11-03 23:21:37
1071,크레이저커피 호텔카일점,image_1071_f38c1a01.jpg,https://raw.githubusercontent.com/Coffice-Official/Coffice-Operating-Tool/main/cafe-image/image_1071_f38c1a01.jpg,2025-11-03 23:21:39
1072,크레이저커피 호텔카일점,image_1072_bde24e0b.jpg,https://raw.githubusercontent.com/Coffice-Official/Coffice-Operating-Tool/main/cafe-image/image_1072_bde24e0b.jpg,2025-11-03 23:21:42
1073,크레이저커피 호텔카일점,image_1073_2a1b8de2.jpg,https://raw.githubusercontent.com/Coffice-Official/Coffice-Operating-Tool/main/cafe-image/image_1073_2a1b8de2.jpg,2025-11-03 23:21:45
1074,투썸플레이스 이태원점,image_1074_5aa22c25.jpg,https://raw.githubusercontent.com/Coffice-Official/Coffice-Operating-Tool/main/cafe-image/image_1074_5aa22c25.jpg,2025-11-03 23:21:48
1075,투썸플레이스 이태원점,image_1075_5cf0fb4b.jpg,https://raw.githubusercontent.com/Coffice-Official/Coffice-Operating-Tool/main/cafe-image/image_1075_5cf0fb4b.jpg,2025-11-03 23:21:51
1076,투썸플레이스 이태원점,image_1076_db96237f.jpg,https://raw.githubusercontent.com/Coffice-Official/Coffice-Operating-Tool/main/cafe-image/image_1076_db96237f.jpg,2025-11-03 23:21:54
1077,빈브라더스 합정,image_1077_f41f711c.jpg,https://raw.githubusercontent.com/Coffice-Official/Coffice-Operating-Tool/main/cafe-image/image_1077_f41f711c.jpg,2025-11-03 23:21:55
1078,빈브라더스 합정,image_1078_e0fc6623.jpg,https://raw.githubusercontent.com/Coffice-Official/Coffice-Operating-Tool/main/cafe-image/image_1078_e0fc6623.jpg,2025-11-03 23:21:58
1079,빈브라더스 합정,image_1079_2169ec3a.webp,https://raw.githubusercontent.com/Coffice-Official/Coffice-Operating-Tool/main/cafe-image/image_1079_2169ec3a.webp,2025-11-03 23:21:59
1080,카페프라미스,image_1080_d48f4c44.jpg,https://raw.githubusercontent.com/Coffice-Official/Coffice-Operating-Tool/main/cafe-image/image_1080_d48f4c44.jpg,2025-11-03 23:22:02
1081,카페프라미스,image_1081_facc1a5e.jpg,https://raw.githubusercontent.com/Coffice-Official/Coffice-Operating-Tool/main/cafe-image/image_1081_facc1a5e.jpg,2025-11-03 23:22:04
1082,카페프라미스,image_1082_6a083e67.jpg,https://raw.githubusercontent.com/Coffice-Official/Coffice-Operating-Tool/main/cafe-image/image_1082_6a083e67.jpg,2025-11-03 23:22:05
1083,카페프라미스,image_1083_c8a59588.jpg,https://raw.githubusercontent.com/Coffice-Official/Coffice-Operating-Tool/main/cafe-image/image_1083_c8a59588.jpg,2025-11-03 23:22:07
1084,스타벅스 정자아데나점,image_1084_c3e1e900.jpg,https://raw.githubusercontent.com/Coffice-Official/Coffice-Operating-Tool/main/cafe-image/image_1084_c3e1e900.jpg,2025-11-03 23:22:11
1085,스타벅스 정자아데나점,image_1085_7972a346.jpg,https://raw.githubusercontent.com/Coffice-Official/Coffice-Operating-Tool/main/cafe-image/image_1085_7972a346.jpg,2025-11-03 23:22:12
1086,디자이너리 카페,image_1086_21e56759.jpg,https://raw.githubusercontent.com/Coffice-Official/Coffice-Operating-Tool/main/cafe-image/image_1086_21e56759.jpg,2025-11-03 23:22:15
1087,디자이너리 카페,image_1087_879f72db.jpg,https://raw.githubusercontent.com/Coffice-Official/Coffice-Operating-Tool/main/cafe-image/image_1087_879f72db.jpg,2025-11-03 23:22:18
1088,디자이너리 카페,image_1088_7a1d296d.jpg,https://raw.githubusercontent.com/Coffice-Official/Coffice-Operating-Tool/main/cafe-image/image_1088_7a1d296d.jpg,2025-11-03 23:22:19
1089,투썸플레이스 구로역점,image_1089_ee742746.jpg,https://raw.githubusercontent.com/Coffice-Official/Coffice-Operating-Tool/main/cafe-image/image_1089_ee742746.jpg,2025-11-03 23:22:21
1090,투썸플레이스 구로역점,image_1090_1951245c.jpg,https://raw.githubusercontent.com/Coffice-Official/Coffice-Operating-Tool/main/cafe-image/image_1090_1951245c.jpg,2025-11-03 23:22:24
1091,공차 대학로마로니에점,image_1091_824147c5.jpg,https://raw.githubusercontent.com/Coffice-Official/Coffice-Operating-Tool/main/cafe-image/image_1091_824147c5.jpg,2025-11-03 23:22:26
1092,공차 대학로마로니에점,image_1092_1eda61e2.jpg,https://raw.githubusercontent.com/Coffice-Official/Coffice-Operating-Tool/main/cafe-image/image_1092_1eda61e2.jpg,2025-11-03 23:22:27
1093,티스테드,image_1093_aa38289e.jpg,https://raw.githubusercontent.com/Coffice-Official/Coffice-Operating-Tool/main/cafe-image/image_1093_aa38289e.jpg,2025-11-03 23:22:31
1094,티스테드,image_1094_a92362e9.jpg,https://raw.githubusercontent.com/Coffice-Official/Coffice-Operating-Tool/main/cafe-image/image_1094_a92362e9.jpg,2025-11-03 23:22:35
1095,티스테드,image_1095_ad33e328.jpg,https://raw.githubusercontent.com/Coffice-Official/Coffice-Operating-Tool/main/cafe-image/image_1095_ad33e328.jpg,2025-11-03 23:22:39
1096,티스테드,image_1096_ee2e5696.jpg,https://raw.githubusercontent.com/Coffice-Official/Coffice-Operating-Tool/main/cafe-image/image_1096_ee2e5696.jpg,2025-11-03 23:22:42
1097,티스테드,image_1097_31742b79.jpg,https://raw.githubusercontent.com/Coffice-Official/Coffice-Operating-Tool/main/cafe-image/image_1097_31742b79.jpg,2025-11-03 23:22:46
1098,커피그래,image_1098_a4cc66be.jpg,https://raw.githubusercontent.com/Coffice-Official/Coffice-Operating-Tool/main/cafe-image/image_1098_a4cc66be.jpg,2025-11-03 23:22:49
1099,커피그래,image_1099_bb5b3c93.jpg,https://raw.githubusercontent.com/Coffice-Official/Coffice-Operating-Tool/main/cafe-image/image_1099_bb5b3c93.jpg,2025-11-03 23:22:50
1100,커피그래,image_1100_2aac4650.jpg,https://raw.githubusercontent.com/Coffice-Official/Coffice-Operating-Tool/main/cafe-image/image_1100_2aac4650.jpg,2025-11-03 23:22:53
1101,커피그래,image_1101_adbb5a89.jpg,https://raw.githubusercontent.com/Coffice-Official/Coffice-Operating-Tool/main/cafe-image/image_1101_adbb5a89.jpg,2025-11-03 23:22:55
1102,커피그래,image_1102_a92c8284.jpg,https://raw.githubusercontent.com/Coffice-Official/Coffice-Operating-Tool/main/cafe-image/image_1102_a92c8284.jpg,2025-11-03 23:22:58
1103,스타벅스 국회의사당역점,image_1103_936e8ac6.jpg,https://raw.githubusercontent.com/Coffice-Official/Coffice-Operating-Tool/main/cafe-image/image_1103_936e8ac6.jpg,2025-11-03 23:23:01
1104,스타벅스 국회의사당역점,image_1104_5887c691.jpg,https://raw.githubusercontent.com/Coffice-Official/Coffice-Operating-Tool/main/cafe-image/image_1104_5887c691.jpg,2025-11-03 23:23:04
1105,헤게 올림픽공원점,image_1105_a4071ff5.jpg,https://raw.githubusercontent.com/Coffice-Official/Coffice-Operating-Tool/main/cafe-image/image_1105_a4071ff5.jpg,2025-11-03 23:23:07
1106,헤게 올림픽공원점,image_1106_2e1cbd3f.jpg,https://raw.githubusercontent.com/Coffice-Official/Coffice-Operating-Tool/main/cafe-image/image_1106_2e1cbd3f.jpg,2025-11-03 23:23:08
1107,헤게 올림픽공원점,image_1107_c744bf08.jpg,https://raw.githubusercontent.com/Coffice-Official/Coffice-Operating-Tool/main/cafe-image/image_1107_c744bf08.jpg,2025-11-03 23:23:10
1108,헤게 올림픽공원점,image_1108_0fd3b990.jpg,https://raw.githubusercontent.com/Coffice-Official/Coffice-Operating-Tool/main/cafe-image/image_1108_0fd3b990.jpg,2025-11-03 23:23:13
1109,스타벅스 석촌호수점,image_1109_536964d9.jpg,https://raw.githubusercontent.com/Coffice-Official/Coffice-Operating-Tool/main/cafe-image/image_1109_536964d9.jpg,2025-11-03 23:23:15
1110,스타벅스 석촌호수점,image_1110_5e5ad8a1.jpg,https://raw.githubusercontent.com/Coffice-Official/Coffice-Operating-Tool/main/cafe-image/image_1110_5e5ad8a1.jpg,2025-11-03 23:23:17
1111,스타벅스 석촌호수점,image_1111_10265ecd.jpg,https://raw.githubusercontent.com/Coffice-Official/Coffice-Operating-Tool/main/cafe-image/image_1111_10265ecd.jpg,2025-11-03 23:23:20
1112,스타벅스 석촌호수점,image_1112_6040b915.jpg,https://raw.githubusercontent.com/Coffice-Official/Coffice-Operating-Tool/main/cafe-image/image_1112_6040b915.jpg,2025-11-03 23:23:22
1113,메이지커피,image_1113_c20d2487.jpg,https://raw.githubusercontent.com/Coffice-Official/Coffice-Operating-Tool/main/cafe-image/image_1113_c20d2487.jpg,2025-11-03 23:23:24
1114,메이지커피,image_1114_aefa713f.jpg,https://raw.githubusercontent.com/Coffice-Official/Coffice-Operating-Tool/main/cafe-image/image_1114_aefa713f.jpg,2025-11-03 23:23:26
1115,메이지커피,image_1115_6930f564.jpg,https://raw.githubusercontent.com/Coffice-Official/Coffice-Operating-Tool/main/cafe-image/image_1115_6930f564.jpg,2025-11-03 23:23:28
1116,메이지커피,image_1116_f9ca5a44.jpg,https://raw.githubusercontent.com/Coffice-Official/Coffice-Operating-Tool/main/cafe-image/image_1116_f9ca5a44.jpg,2025-11-03 23:23:29
1117,스타벅스 동빙고점,image_1117_da1c65f9.jpg,https://raw.githubusercontent.com/Coffice-Official/Coffice-Operating-Tool/main/cafe-image/image_1117_da1c65f9.jpg,2025-11-03 23:23:32
1118,스타벅스 동빙고점,image_1118_1e0fd193.jpg,https://raw.githubusercontent.com/Coffice-Official/Coffice-Operating-Tool/main/cafe-image/image_1118_1e0fd193.jpg,2025-11-03 23:23:35
1119,스타벅스 강남R점,image_1119_d1f57e03.jpg,https://raw.githubusercontent.com/Coffice-Official/Coffice-Operating-Tool/main/cafe-image/image_1119_d1f57e03.jpg,2025-11-03 23:23:37
1120,스타벅스 강남R점,image_1120_c182901a.jpg,https://raw.githubusercontent.com/Coffice-Official/Coffice-Operating-Tool/main/cafe-image/image_1120_c182901a.jpg,2025-11-03 23:23:40
1121,스타벅스 강남R점,image_1121_3fa134b0.jpg,https://raw.githubusercontent.com/Coffice-Official/Coffice-Operating-Tool/main/cafe-image/image_1121_3fa134b0.jpg,2025-11-03 23:23:41
1122,투썸플레이스 송파구청사거리점,image_1122_10a762ef.jpg,https://raw.githubusercontent.com/Coffice-Official/Coffice-Operating-Tool/main/cafe-image/image_1122_10a762ef.jpg,2025-11-03 23:23:43
1123,투썸플레이스 송파구청사거리점,image_1123_0a8ce8cb.jpg,https://raw.githubusercontent.com/Coffice-Official/Coffice-Operating-Tool/main/cafe-image/image_1123_0a8ce8cb.jpg,2025-11-03 23:23:45
1124,투썸플레이스 송파구청사거리점,image_1124_0733b822.jpg,https://raw.githubusercontent.com/Coffice-Official/Coffice-Operating-Tool/main/cafe-image/image_1124_0733b822.jpg,2025-11-03 23:23:49
1125,렉터스라운지 홍대,image_1125_5cfc3465.jpg,https://raw.githubusercontent.com/Coffice-Official/Coffice-Operating-Tool/main/cafe-image/image_1125_5cfc3465.jpg,2025-11-03 23:23:50
1126,렉터스라운지 홍대,image_1126_2e6818d4.jpg,https://raw.githubusercontent.com/Coffice-Official/Coffice-Operating-Tool/main/cafe-image/image_1126_2e6818d4.jpg,2025-11-03 23:23:52
1127,렉터스라운지 홍대,image_1127_dd68381d.jpg,https://raw.githubusercontent.com/Coffice-Official/Coffice-Operating-Tool/main/cafe-image/image_1127_dd68381d.jpg,2025-11-03 23:23:53
1128,렉터스라운지 홍대,image_1128_229b72a1.jpg,https://raw.githubusercontent.com/Coffice-Official/Coffice-Operating-Tool/main/cafe-image/image_1128_229b72a1.jpg,2025-11-03 23:23:55
1129,미크,image_1129_a2061c21.jpg,https://raw.githubusercontent.com/Coffice-Official/Coffice-Operating-Tool/main/cafe-image/image_1129_a2061c21.jpg,2025-11-03 23:23:59
1130,미크,image_1130_04c8e8a7.jpg,https://raw.githubusercontent.com/Coffice-Official/Coffice-Operating-Tool/main/cafe-image/image_1130_04c8e8a7.jpg,2025-11-03 23:24:02
1131,미크,image_1131_c523c1c6.jpg,https://raw.githubusercontent.com/Coffice-Official/Coffice-Operating-Tool/main/cafe-image/image_1131_c523c1c6.jpg,2025-11-03 23:24:05
1132,미크,image_1132_e5d4c3ec.jpg,https://raw.githubusercontent.com/Coffice-Official/Coffice-Operating-Tool/main/cafe-image/image_1132_e5d4c3ec.jpg,2025-11-03 23:24:08
1133,스타벅스 신도림힐스테이트점,image_1133_0a13c032.jpg,https://raw.githubusercontent.com/Coffice-Official/Coffice-Operating-Tool/main/cafe-image/image_1133_0a13c032.jpg,2025-11-03 23:24:11
1134,스타벅스 신도림힐스테이트점,image_1134_0d2a987a.jpg,https://raw.githubusercontent.com/Coffice-Official/Coffice-Operating-Tool/main/cafe-image/image_1134_0d2a987a.jpg,2025-11-03 23:24:13
1135,메가MGC커피 역삼GFC점,image_1135_624e25b7.jpg,https://raw.githubusercontent.com/Coffice-Official/Coffice-Operating-Tool/main/cafe-image/image_1135_624e25b7.jpg,2025-11-03 23:24:16
1136,메가MGC커피 역삼GFC점,image_1136_25d98211.jpg,https://raw.githubusercontent.com/Coffice-Official/Coffice-Operating-Tool/main/cafe-image/image_1136_25d98211.jpg,2025-11-03 23:24:19
1137,메가MGC커피 역삼GFC점,image_1137_e956be68.jpg,https://raw.githubusercontent.com/Coffice-Official/Coffice-Operating-Tool/main/cafe-image/image_1137_e956be68.jpg,2025-11-03 23:24:22
1138,메가MGC커피 역삼GFC점,image_1138_45b42e28.jpg,https://raw.githubusercontent.com/Coffice-Official/Coffice-Operating-Tool/main/cafe-image/image_1138_45b42e28.jpg,2025-11-03 23:24:24
1139,메가MGC커피 역삼GFC점,image_1139_0be529e8.jpg,https://raw.githubusercontent.com/Coffice-Official/Coffice-Operating-Tool/main/cafe-image/image_1139_0be529e8.jpg,2025-11-03 23:24:27
1140,폴 바셋 코엑스몰점,image_1140_40909dbe.jpg,https://raw.githubusercontent.com/Coffice-Official/Coffice-Operating-Tool/main/cafe-image/image_1140_40909dbe.jpg,2025-11-03 23:24:29
1141,폴 바셋 코엑스몰점,image_1141_37e57882.jpg,https://raw.githubusercontent.com/Coffice-Official/Coffice-Operating-Tool/main/cafe-image/image_1141_37e57882.jpg,2025-11-03 23:24:31
1142,폴 바셋 코엑스몰점,image_1142_20421884.jpg,https://raw.githubusercontent.com/Coffice-Official/Coffice-Operating-Tool/main/cafe-image/image_1142_20421884.jpg,2025-11-03 23:24:33
1143,폴 바셋 코엑스몰점,image_1143_60492bf6.jpg,https://raw.githubusercontent.com/Coffice-Official/Coffice-Operating-Tool/main/cafe-image/image_1143_60492bf6.jpg,2025-11-03 23:24:34
1144,스타벅스 한국프레스센터점,image_1144_a6f6f7e5.png,https://raw.githubusercontent.com/Coffice-Official/Coffice-Operating-Tool/main/cafe-image/image_1144_a6f6f7e5.png,2025-11-03 23:24:36
1145,스타벅스 한국프레스센터점,image_1145_2c59d92e.png,https://raw.githubusercontent.com/Coffice-Official/Coffice-Operating-Tool/main/cafe-image/image_1145_2c59d92e.png,2025-11-03 23:24:38
1146,스타벅스 한국프레스센터점,image_1146_f588db82.png,https://raw.githubusercontent.com/Coffice-Official/Coffice-Operating-Tool/main/cafe-image/image_1146_f588db82.png,2025-11-03 23:24:39
1147,스타벅스 무교동점,image_1147_f588db82.png,https://raw.githubusercontent.com/Coffice-Official/Coffice-Operating-Tool/main/cafe-image/image_1147_f588db82.png,2025-11-03 23:24:41
1148,스타벅스 무교동점,image_1148_2c59d92e.png,https://raw.githubusercontent.com/Coffice-Official/Coffice-Operating-Tool/main/cafe-image/image_1148_2c59d92e.png,2025-11-03 23:24:43
1149,스타벅스 무교동점,image_1149_23ebf303.png,https://raw.githubusercontent.com/Coffice-Official/Coffice-Operating-Tool/main/cafe-image/image_1149_23ebf303.png,2025-11-03 23:24:44
1150,카페 아뜰리에,image_1150_b315ef07.jpg,https://raw.githubusercontent.com/Coffice-Official/Coffice-Operating-Tool/main/cafe-image/image_1150_b315ef07.jpg,2025-11-03 23:24:47
1151,카페 아뜰리에,image_1151_2eb5f6bf.jpg,https://raw.githubusercontent.com/Coffice-Official/Coffice-Operating-Tool/main/cafe-image/image_1151_2eb5f6bf.jpg,2025-11-03 23:24:49
1152,카페 아뜰리에,image_1152_49f927f6.jpg,https://raw.githubusercontent.com/Coffice-Official/Coffice-Operating-Tool/main/cafe-image/image_1152_49f927f6.jpg,2025-11-03 23:24:52
1153,카페 아뜰리에,image_1153_4f8f4be6.jpg,https://raw.githubusercontent.com/Coffice-Official/Coffice-Operating-Tool/main/cafe-image/image_1153_4f8f4be6.jpg,2025-11-03 23:24:54
1154,카페 아뜰리에,image_1154_e5868765.jpg,https://raw.githubusercontent.com/Coffice-Official/Coffice-Operating-Tool/main/cafe-image/image_1154_e5868765.jpg,2025-11-03 23:24:56
1155,테라로사 청계광장점,image_1155_13536459.png,https://raw.githubusercontent.com/Coffice-Official/Coffice-Operating-Tool/main/cafe-image/image_1155_13536459.png,2025-11-03 23:24:58
1156,테라로사 청계광장점,image_1156_a6f6f7e5.png,https://raw.githubusercontent.com/Coffice-Official/Coffice-Operating-Tool/main/cafe-image/image_1156_a6f6f7e5.png,2025-11-03 23:25:00
1157,메종크로키,image_1157_021d1171.jpg,https://raw.githubusercontent.com/Coffice-Official/Coffice-Operating-Tool/main/cafe-image/image_1157_021d1171.jpg,2025-11-03 23:25:02
1158,메종크로키,image_1158_227cf2f8.png,https://raw.githubusercontent.com/Coffice-Official/Coffice-Operating-Tool/main/cafe-image/image_1158_227cf2f8.png,2025-11-03 23:25:04
1159,셀렉티드닉스,image_1159_62a67075.jpg,https://raw.githubusercontent.com/Coffice-Official/Coffice-Operating-Tool/main/cafe-image/image_1159_62a67075.jpg,2025-11-03 23:25:06
1160,셀렉티드닉스,image_1160_3615ceaa.jpg,https://raw.githubusercontent.com/Coffice-Official/Coffice-Operating-Tool/main/cafe-image/image_1160_3615ceaa.jpg,2025-11-03 23:25:07
1161,투썸플레이스 판교알파돔점,image_1161_aba774e2.jpg,https://raw.githubusercontent.com/Coffice-Official/Coffice-Operating-Tool/main/cafe-image/image_1161_aba774e2.jpg,2025-11-03 23:25:09
1162,투썸플레이스 판교알파돔점,image_1162_47fcc223.jpg,https://raw.githubusercontent.com/Coffice-Official/Coffice-Operating-Tool/main/cafe-image/image_1162_47fcc223.jpg,2025-11-03 23:25:13
1163,투썸플레이스 판교알파돔점,image_1163_514b9e57.jpg,https://raw.githubusercontent.com/Coffice-Official/Coffice-Operating-Tool/main/cafe-image/image_1163_514b9e57.jpg,2025-11-03 23:25:14
1164,투썸플레이스 판교알파돔점,image_1164_27d9deba.jpg,https://raw.githubusercontent.com/Coffice-Official/Coffice-Operating-Tool/main/cafe-image/image_1164_27d9deba.jpg,2025-11-03 23:25:16
1165,투썸플레이스 판교알파돔점,image_1165_fee69c91.jpg,https://raw.githubusercontent.com/Coffice-Official/Coffice-Operating-Tool/main/cafe-image/image_1165_fee69c91.jpg,2025-11-03 23:25:19
1166,갤러리덴,image_1166_d9bd2794.jpg,https://raw.githubusercontent.com/Coffice-Official/Coffice-Operating-Tool/main/cafe-image/image_1166_d9bd2794.jpg,2025-11-03 23:25:20
1167,갤러리덴,image_1167_87371755.jpg,https://raw.githubusercontent.com/Coffice-Official/Coffice-Operating-Tool/main/cafe-image/image_1167_87371755.jpg,2025-11-03 23:25:22
1168,갤러리덴,image_1168_7d783c6b.jpg,https://raw.githubusercontent.com/Coffice-Official/Coffice-Operating-Tool/main/cafe-image/image_1168_7d783c6b.jpg,2025-11-03 23:25:24
1169,갤러리덴,image_1169_2a91343d.jpg,https://raw.githubusercontent.com/Coffice-Official/Coffice-Operating-Tool/main/cafe-image/image_1169_2a91343d.jpg,2025-11-03 23:25:27
1170,갤러리덴,image_1170_4091dcc0.jpg,https://raw.githubusercontent.com/Coffice-Official/Coffice-Operating-Tool/main/cafe-image/image_1170_4091dcc0.jpg,2025-11-03 23:25:30
1171,갤러리덴,image_1171_a728c238.jpg,https://raw.githubusercontent.com/Coffice-Official/Coffice-Operating-Tool/main/cafe-image/image_1171_a728c238.jpg,2025-11-03 23:25:31
1172,갤러리덴,image_1172_5abbe3e1.jpg,https://raw.githubusercontent.com/Coffice-Official/Coffice-Operating-Tool/main/cafe-image/image_1172_5abbe3e1.jpg,2025-11-03 23:25:33
1173,할리스 잠실새내역점,image_1173_d142db67.jpg,https://raw.githubusercontent.com/Coffice-Official/Coffice-Operating-Tool/main/cafe-image/image_1173_d142db67.jpg,2025-11-03 23:25:35
1174,할리스 잠실새내역점,image_1174_b3e64d0b.jpg,https://raw.githubusercontent.com/Coffice-Official/Coffice-Operating-Tool/main/cafe-image/image_1174_b3e64d0b.jpg,2025-11-03 23:25:37
1175,할리스 잠실새내역점,image_1175_9c0b31b3.jpg,https://raw.githubusercontent.com/Coffice-Official/Coffice-Operating-Tool/main/cafe-image/image_1175_9c0b31b3.jpg,2025-11-03 23:25:39
1176,할리스 잠실새내역점,image_1176_4dd5d5d5.jpg,https://raw.githubusercontent.com/Coffice-Official/Coffice-Operating-Tool/main/cafe-image/image_1176_4dd5d5d5.jpg,2025-11-03 23:25:42
1177,엔지니어링클럽,image_1177_d344e278.jpg,https://raw.githubusercontent.com/Coffice-Official/Coffice-Operating-Tool/main/cafe-image/image_1177_d344e278.jpg,2025-11-03 23:25:44
1178,엔지니어링클럽,image_1178_647e88dd.jpg,https://raw.githubusercontent.com/Coffice-Official/Coffice-Operating-Tool/main/cafe-image/image_1178_647e88dd.jpg,2025-11-03 23:25:46
1179,엔지니어링클럽,image_1179_ac17d9c1.jpg,https://raw.githubusercontent.com/Coffice-Official/Coffice-Operating-Tool/main/cafe-image/image_1179_ac17d9c1.jpg,2025-11-03 23:25:49
1180,엔지니어링클럽,image_1180_59816c59.jpg,https://raw.githubusercontent.com/Coffice-Official/Coffice-Operating-Tool/main/cafe-image/image_1180_59816c59.jpg,2025-11-03 23:25:50
1181,엔지니어링클럽,image_1181_f98f4f0f.jpg,https://raw.githubusercontent.com/Coffice-Official/Coffice-Operating-Tool/main/cafe-image/image_1181_f98f4f0f.jpg,2025-11-03 23:25:53
1182,엔지니어링클럽,image_1182_03c15fe6.jpg,https://raw.githubusercontent.com/Coffice-Official/Coffice-Operating-Tool/main/cafe-image/image_1182_03c15fe6.jpg,2025-11-03 23:25:55
1183,엔지니어링클럽,image_1183_bf4db6d2.jpg,https://raw.githubusercontent.com/Coffice-Official/Coffice-Operating-Tool/main/cafe-image/image_1183_bf4db6d2.jpg,2025-11-03 23:25:56
1184,커피빈 강남역먹자골목점,image_1184_a5b05816.jpg,https://raw.githubusercontent.com/Coffice-Official/Coffice-Operating-Tool/main/cafe-image/image_1184_a5b05816.jpg,2025-11-03 23:25:58
1185,커피빈 강남역먹자골목점,image_1185_1e96ea0b.jpg,https://raw.githubusercontent.com/Coffice-Official/Coffice-Operating-Tool/main/cafe-image/image_1185_1e96ea0b.jpg,2025-11-03 23:26:00
1186,Uig,image_1186_863ff8e1.jpg,https://raw.githubusercontent.com/Coffice-Official/Coffice-Operating-Tool/main/cafe-image/image_1186_863ff8e1.jpg,2025-11-03 23:26:01
1187,Uig,image_1187_c34f3ae3.jpg,https://raw.githubusercontent.com/Coffice-Official/Coffice-Operating-Tool/main/cafe-image/image_1187_c34f3ae3.jpg,2025-11-03 23:26:03
1188,Uig,image_1188_1952d889.jpg,https://raw.githubusercontent.com/Coffice-Official/Coffice-Operating-Tool/main/cafe-image/image_1188_1952d889.jpg,2025-11-03 23:26:04
1189,Uig,image_1189_2c3c0bc1.jpg,https://raw.githubusercontent.com/Coffice-Official/Coffice-Operating-Tool/main/cafe-image/image_1189_2c3c0bc1.jpg,2025-11-03 23:26:06
1190,Uig,image_1190_ba717172.jpg,https://raw.githubusercontent.com/Coffice-Official/Coffice-Operating-Tool/main/cafe-image/image_1190_ba717172.jpg,2025-11-03 23:26:07
1191,Uig,image_1191_a48a5ef3.jpg,https://raw.githubusercontent.com/Coffice-Official/Coffice-Operating-Tool/main/cafe-image/image_1191_a48a5ef3.jpg,2025-11-03 23:26:09
1192,카페꼼마 여의도신영증권점,image_1192_a7950af8.jpg,https://raw.githubusercontent.com/Coffice-Official/Coffice-Operating-Tool/main/cafe-image/image_1192_a7950af8.jpg,2025-11-03 23:26:11
1193,카페꼼마 여의도신영증권점,image_1193_277d3757.jpg,https://raw.githubusercontent.com/Coffice-Official/Coffice-Operating-Tool/main/cafe-image/image_1193_277d3757.jpg,2025-11-03 23:26:13
1194,카페꼼마 여의도신영증권점,image_1194_ffce2a6a.jpg,https://raw.githubusercontent.com/Coffice-Official/Coffice-Operating-Tool/main/cafe-image/image_1194_ffce2a6a.jpg,2025-11-03 23:26:15
1195,카페꼼마 여의도신영증권점,image_1195_2182b5f8.jpg,https://raw.githubusercontent.com/Coffice-Official/Coffice-Operating-Tool/main/cafe-image/image_1195_2182b5f8.jpg,2025-11-03 23:26:16
1196,카페꼼마 여의도신영증권점,image_1196_4f04aebe.jpg,https://raw.githubusercontent.com/Coffice-Official/Coffice-Operating-Tool/main/cafe-image/image_1196_4f04aebe.jpg,2025-11-03 23:26:17
1197,카페꼼마 여의도신영증권점,image_1197_6c1656a2.jpg,https://raw.githubusercontent.com/Coffice-Official/Coffice-Operating-Tool/main/cafe-image/image_1197_6c1656a2.jpg,2025-11-03 23:26:19
1198,카페꼼마 여의도신영증권점,image_1198_63efbecf.jpg,https://raw.githubusercontent.com/Coffice-Official/Coffice-Operating-Tool/main/cafe-image/image_1198_63efbecf.jpg,2025-11-03 23:26:21
1199,한남작업실,image_1199_8da3e628.jpg,https://raw.githubusercontent.com/Coffice-Official/Coffice-Operating-Tool/main/cafe-image/image_1199_8da3e628.jpg,2025-11-03 23:26:22
1200,한남작업실,image_1200_085425ac.jpg,https://raw.githubusercontent.com/Coffice-Official/Coffice-Operating-Tool/main/cafe-image/image_1200_085425ac.jpg,2025-11-03 23:26:24
1201,한남작업실,image_1201_34384b32.jpg,https://raw.githubusercontent.com/Coffice-Official/Coffice-Operating-Tool/main/cafe-image/image_1201_34384b32.jpg,2025-11-03 23:26:27
1202,한남작업실,image_1202_eb16c962.jpg,https://raw.githubusercontent.com/Coffice-Official/Coffice-Operating-Tool/main/cafe-image/image_1202_eb16c962.jpg,2025-11-03 23:26:29
1203,한남작업실,image_1203_354c41db.jpg,https://raw.githubusercontent.com/Coffice-Official/Coffice-Operating-Tool/main/cafe-image/image_1203_354c41db.jpg,2025-11-03 23:26:30
1204,한남작업실,image_1204_051d321f.jpg,https://raw.githubusercontent.com/Coffice-Official/Coffice-Operating-Tool/main/cafe-image/image_1204_051d321f.jpg,2025-11-03 23:26:32
1205,아티제 분당정자점,image_1205_ab84fc3a.jpg,https://raw.githubusercontent.com/Coffice-Official/Coffice-Operating-Tool/main/cafe-image/image_1205_ab84fc3a.jpg,2025-11-03 23:26:35
1206,아티제 분당정자점,image_1206_a469b49d.jpg,https://raw.githubusercontent.com/Coffice-Official/Coffice-Operating-Tool/main/cafe-image/image_1206_a469b49d.jpg,2025-11-03 23:26:37
1207,칠앤도프커피바,image_1207_e43138a2.jpg,https://raw.githubusercontent.com/Coffice-Official/Coffice-Operating-Tool/main/cafe-image/image_1207_e43138a2.jpg,2025-11-03 23:26:40
1208,칠앤도프커피바,image_1208_75f6e0f7.jpg,https://raw.githubusercontent.com/Coffice-Official/Coffice-Operating-Tool/main/cafe-image/image_1208_75f6e0f7.jpg,2025-11-03 23:26:42
1209,칠앤도프커피바,image_1209_3a1855a2.jpg,https://raw.githubusercontent.com/Coffice-Official/Coffice-Operating-Tool/main/cafe-image/image_1209_3a1855a2.jpg,2025-11-03 23:26:45
1210,칠앤도프커피바,image_1210_67aac3dc.jpg,https://raw.githubusercontent.com/Coffice-Official/Coffice-Operating-Tool/main/cafe-image/image_1210_67aac3dc.jpg,2025-11-03 23:26:47
1211,CAFE BAUM 758,image_1211_1f999887.jpg,https://raw.githubusercontent.com/Coffice-Official/Coffice-Operating-Tool/main/cafe-image/image_1211_1f999887.jpg,2025-11-03 23:26:49
1212,CAFE BAUM 758,image_1212_deb992b3.jpg,https://raw.githubusercontent.com/Coffice-Official/Coffice-Operating-Tool/main/cafe-image/image_1212_deb992b3.jpg,2025-11-03 23:26:52
1213,CAFE BAUM 758,image_1213_4121cf1d.jpg,https://raw.githubusercontent.com/Coffice-Official/Coffice-Operating-Tool/main/cafe-image/image_1213_4121cf1d.jpg,2025-11-03 23:26:53
1214,아티제 광화문S타워점,image_1214_3d9be6f4.jpg,https://raw.githubusercontent.com/Coffice-Official/Coffice-Operating-Tool/main/cafe-image/image_1214_3d9be6f4.jpg,2025-11-03 23:26:55
1215,투썸플레이스 잠실역점,image_1215_d0e59925.jpg,https://raw.githubusercontent.com/Coffice-Official/Coffice-Operating-Tool/main/cafe-image/image_1215_d0e59925.jpg,2025-11-03 23:26:57
1216,투썸플레이스 잠실역점,image_1216_69f44688.jpg,https://raw.githubusercontent.com/Coffice-Official/Coffice-Operating-Tool/main/cafe-image/image_1216_69f44688.jpg,2025-11-03 23:26:59
1217,투썸플레이스 잠실역점,image_1217_548bb45e.jpg,https://raw.githubusercontent.com/Coffice-Official/Coffice-Operating-Tool/main/cafe-image/image_1217_548bb45e.jpg,2025-11-03 23:27:00
1218,투썸플레이스 잠실역점,image_1218_d8b4d2e8.jpg,https://raw.githubusercontent.com/Coffice-Official/Coffice-Operating-Tool/main/cafe-image/image_1218_d8b4d2e8.jpg,2025-11-03 23:27:02
1219,투썸플레이스 잠실역점,image_1219_26eaca9b.jpg,https://raw.githubusercontent.com/Coffice-Official/Coffice-Operating-Tool/main/cafe-image/image_1219_26eaca9b.jpg,2025-11-03 23:27:06
1220,The november 라운지 강남역KG타워점,image_1220_10d3f111.jpg,https://raw.githubusercontent.com/Coffice-Official/Coffice-Operating-Tool/main/cafe-image/image_1220_10d3f111.jpg,2025-11-03 23:27:08
1221,The november 라운지 강남역KG타워점,image_1221_c19270e5.jpg,https://raw.githubusercontent.com/Coffice-Official/Coffice-Operating-Tool/main/cafe-image/image_1221_c19270e5.jpg,2025-11-03 23:27:09
1222,The november 라운지 강남역KG타워점,image_1222_84c9abec.jpg,https://raw.githubusercontent.com/Coffice-Official/Coffice-Operating-Tool/main/cafe-image/image_1222_84c9abec.jpg,2025-11-03 23:27:11
1223,The november 라운지 강남역KG타워점,image_1223_3cd63755.jpg,https://raw.githubusercontent.com/Coffice-Official/Coffice-Operating-Tool/main/cafe-image/image_1223_3cd63755.jpg,2025-11-03 23:27:13
1224,컴포즈커피 문정테라타워점,image_1224_b9c6b4e7.jpg,https://raw.githubusercontent.com/Coffice-Official/Coffice-Operating-Tool/main/cafe-image/image_1224_b9c6b4e7.jpg,2025-11-03 23:27:14
1225,컴포즈커피 문정테라타워점,image_1225_0f9f153d.jpg,https://raw.githubusercontent.com/Coffice-Official/Coffice-Operating-Tool/main/cafe-image/image_1225_0f9f153d.jpg,2025-11-03 23:27:16
1226,포어플랜,image_1226_9289fe41.jpg,https://raw.githubusercontent.com/Coffice-Official/Coffice-Operating-Tool/main/cafe-image/image_1226_9289fe41.jpg,2025-11-03 23:27:19
1227,포어플랜,image_1227_90644f50.jpg,https://raw.githubusercontent.com/Coffice-Official/Coffice-Operating-Tool/main/cafe-image/image_1227_90644f50.jpg,2025-11-03 23:27:21
1228,포어플랜,image_1228_11b99833.jpg,https://raw.githubusercontent.com/Coffice-Official/Coffice-Operating-Tool/main/cafe-image/image_1228_11b99833.jpg,2025-11-03 23:27:24
1229,포어플랜,image_1229_39b1f996.jpg,https://raw.githubusercontent.com/Coffice-Official/Coffice-Operating-Tool/main/cafe-image/image_1229_39b1f996.jpg,2025-11-03 23:27:27
1230,포어플랜,image_1230_ca0f676f.jpg,https://raw.githubusercontent.com/Coffice-Official/Coffice-Operating-Tool/main/cafe-image/image_1230_ca0f676f.jpg,2025-11-03 23:27:30
1231,포어플랜,image_1231_1ba350c8.jpg,https://raw.githubusercontent.com/Coffice-Official/Coffice-Operating-Tool/main/cafe-image/image_1231_1ba350c8.jpg,2025-11-03 23:27:33
1232,폴인레미유,image_1232_1d8761b3.jpg,https://raw.githubusercontent.com/Coffice-Official/Coffice-Operating-Tool/main/cafe-image/image_1232_1d8761b3.jpg,2025-11-03 23:27:37
1233,폴인레미유,image_1233_28bfd2d4.jpg,https://raw.githubusercontent.com/Coffice-Official/Coffice-Operating-Tool/main/cafe-image/image_1233_28bfd2d4.jpg,2025-11-03 23:27:39
1234,폴인레미유,image_1234_cd94f24f.jpg,https://raw.githubusercontent.com/Coffice-Official/Coffice-Operating-Tool/main/cafe-image/image_1234_cd94f24f.jpg,2025-11-03 23:27:42
1235,폴인레미유,image_1235_f37ec565.jpg,https://raw.githubusercontent.com/Coffice-Official/Coffice-Operating-Tool/main/cafe-image/image_1235_f37ec565.jpg,2025-11-03 23:27:46
1236,폴인레미유,image_1236_387079db.jpg,https://raw.githubusercontent.com/Coffice-Official/Coffice-Operating-Tool/main/cafe-image/image_1236_387079db.jpg,2025-11-03 23:27:48
1237,폴인레미유,image_1237_e2f0ff0f.jpg,https://raw.githubusercontent.com/Coffice-Official/Coffice-Operating-Tool/main/cafe-image/image_1237_e2f0ff0f.jpg,2025-11-03 23:27:50
1238,스타벅스 한국프레스센터점,image_1238_7402f075.jpg,https://raw.githubusercontent.com/Coffice-Official/Coffice-Operating-Tool/main/cafe-image/image_1238_7402f075.jpg,2025-11-03 23:27:52
1239,스타벅스 한국프레스센터점,image_1239_947b0d5e.jpg,https://raw.githubusercontent.com/Coffice-Official/Coffice-Operating-Tool/main/cafe-image/image_1239_947b0d5e.jpg,2025-11-03 23:27:54
1240,오버트 합정,image_1240_6134433e.jpg,https://raw.githubusercontent.com/Coffice-Official/Coffice-Operating-Tool/main/cafe-image/image_1240_6134433e.jpg,2025-11-03 23:27:56
1241,오버트 합정,image_1241_fa50d94b.jpg,https://raw.githubusercontent.com/Coffice-Official/Coffice-Operating-Tool/main/cafe-image/image_1241_fa50d94b.jpg,2025-11-03 23:27:57
1242,낙타날다,image_1242_c5cefd03.jpg,https://raw.githubusercontent.com/Coffice-Official/Coffice-Operating-Tool/main/cafe-image/image_1242_c5cefd03.jpg,2025-11-03 23:27:59
1243,낙타날다,image_1243_7dd20139.jpg,https://raw.githubusercontent.com/Coffice-Official/Coffice-Operating-Tool/main/cafe-image/image_1243_7dd20139.jpg,2025-11-03 23:28:02
1249,할리스 이태원점,image_1249_f6cd2e93.png,https://raw.githubusercontent.com/Coffice-Official/Coffice-Operating-Tool/main/cafe-image/image_1249_f6cd2e93.png,2025-11-03 23:28:04
1250,까치화방 판교점,image_1250_47fa9091.png,https://raw.githubusercontent.com/Coffice-Official/Coffice-Operating-Tool/main/cafe-image/image_1250_47fa9091.png,2025-11-03 23:28:06
1251,까치화방 판교점,image_1251_e07fd74f.png,https://raw.githubusercontent.com/Coffice-Official/Coffice-Operating-Tool/main/cafe-image/image_1251_e07fd74f.png,2025-11-03 23:28:07
1252,할리스 이태원역점,image_1252_b325a916.jpg,https://raw.githubusercontent.com/Coffice-Official/Coffice-Operating-Tool/main/cafe-image/image_1252_b325a916.jpg,2025-11-03 23:28:08
1253,할리스 이태원역점,image_1253_47fa9091.png,https://raw.githubusercontent.com/Coffice-Official/Coffice-Operating-Tool/main/cafe-image/image_1253_47fa9091.png,2025-11-03 23:28:10
1254,커피앤시가렛,image_1254_d9efe99b.jpg,https://raw.githubusercontent.com/Coffice-Official/Coffice-Operating-Tool/main/cafe-image/image_1254_d9efe99b.jpg,2025-11-03 23:28:13
1255,커피앤시가렛,image_1255_e49875c5.jpg,https://raw.githubusercontent.com/Coffice-Official/Coffice-Operating-Tool/main/cafe-image/image_1255_e49875c5.jpg,2025-11-03 23:28:15
1256,커피앤시가렛,image_1256_cabbe56f.jpg,https://raw.githubusercontent.com/Coffice-Official/Coffice-Operating-Tool/main/cafe-image/image_1256_cabbe56f.jpg,2025-11-03 23:28:17
1257,커피앤시가렛,image_1257_22bdc2b0.jpg,https://raw.githubusercontent.com/Coffice-Official/Coffice-Operating-Tool/main/cafe-image/image_1257_22bdc2b0.jpg,2025-11-03 23:28:21
1258,커피앤시가렛,image_1258_2e6c6d34.jpg,https://raw.githubusercontent.com/Coffice-Official/Coffice-Operating-Tool/main/cafe-image/image_1258_2e6c6d34.jpg,2025-11-03 23:28:23
1259,커피앤시가렛,image_1259_3b33259c.jpg,https://raw.githubusercontent.com/Coffice-Official/Coffice-Operating-Tool/main/cafe-image/image_1259_3b33259c.jpg,2025-11-03 23:28:27
1260,커피앤시가렛,image_1260_024d2ca3.jpg,https://raw.githubusercontent.com/Coffice-Official/Coffice-Operating-Tool/main/cafe-image/image_1260_024d2ca3.jpg,2025-11-03 23:28:29
1261,커피앤시가렛,image_1261_31e4d835.jpg,https://raw.githubusercontent.com/Coffice-Official/Coffice-Operating-Tool/main/cafe-image/image_1261_31e4d835.jpg,2025-11-03 23:28:33
1262,할리스 이태원역점,image_1262_31bf6efb.jpg,https://raw.githubusercontent.com/Coffice-Official/Coffice-Operating-Tool/main/cafe-image/image_1262_31bf6efb.jpg,2025-11-03 23:28:35
1263,할리스 이태원역점,image_1263_01fe7a59.jpg,https://raw.githubusercontent.com/Coffice-Official/Coffice-Operating-Tool/main/cafe-image/image_1263_01fe7a59.jpg,2025-11-03 23:28:36
1278,투썸플레이스 숙대입구역점,image_1278_4efdfff3.jpg,https://raw.githubusercontent.com/Coffice-Official/Coffice-Operating-Tool/main/cafe-image/image_1278_4efdfff3.jpg,2025-11-03 23:28:38
1279,투썸플레이스 숙대입구역점,image_1279_432ddde8.jpg,https://raw.githubusercontent.com/Coffice-Official/Coffice-Operating-Tool/main/cafe-image/image_1279_432ddde8.jpg,2025-11-03 23:28:41
1280,커피스미스 이태원해밀턴점,image_1280_baeed0cf.jpg,https://raw.githubusercontent.com/Coffice-Official/Coffice-Operating-Tool/main/cafe-image/image_1280_baeed0cf.jpg,2025-11-03 23:28:43
1281,커피스미스 이태원해밀턴점,image_1281_cae32993.jpg,https://raw.githubusercontent.com/Coffice-Official/Coffice-Operating-Tool/main/cafe-image/image_1281_cae32993.jpg,2025-11-03 23:28:46
1282,목림로스터리,image_1282_95a81fb7.jpg,https://raw.githubusercontent.com/Coffice-Official/Coffice-Operating-Tool/main/cafe-image/image_1282_95a81fb7.jpg,2025-11-03 23:28:47
1283,목림로스터리,image_1283_8fc553ec.jpg,https://raw.githubusercontent.com/Coffice-Official/Coffice-Operating-Tool/main/cafe-image/image_1283_8fc553ec.jpg,2025-11-03 23:28:50
1284,목림로스터리,image_1284_38f27567.jpg,https://raw.githubusercontent.com/Coffice-Official/Coffice-Operating-Tool/main/cafe-image/image_1284_38f27567.jpg,2025-11-03 23:28:53
1285,스타벅스 한국프레스센터점,image_1285_639a749a.png,https://raw.githubusercontent.com/Coffice-Official/Coffice-Operating-Tool/main/cafe-image/image_1285_639a749a.png,2025-11-03 23:28:55
1286,스타벅스 한국프레스센터점,image_1286_ecb172fc.png,https://raw.githubusercontent.com/Coffice-Official/Coffice-Operating-Tool/main/cafe-image/image_1286_ecb172fc.png,2025-11-03 23:28:57
1287,하이오커피 송파시그니처점,image_1287_01b459bd.jpg,https://raw.githubusercontent.com/Coffice-Official/Coffice-Operating-Tool/main/cafe-image/image_1287_01b459bd.jpg,2025-11-03 23:29:00
1288,하이오커피 송파시그니처점,image_1288_4d8d502a.jpg,https://raw.githubusercontent.com/Coffice-Official/Coffice-Operating-Tool/main/cafe-image/image_1288_4d8d502a.jpg,2025-11-03 23:29:02
1289,하이오커피 송파시그니처점,image_1289_a9ba5463.jpg,https://raw.githubusercontent.com/Coffice-Official/Coffice-Operating-Tool/main/cafe-image/image_1289_a9ba5463.jpg,2025-11-03 23:29:04
1302,코지빌라커피_non-spring-jdbc-plus,image_1302_f6cd2e93.png,https://raw.githubusercontent.com/Coffice-Official/Coffice-Operating-Tool/main/cafe-image/image_1302_f6cd2e93.png,2025-11-03 23:29:06
1303,코지빌라커피_non-spring-jdbc-plus,image_1303_e94d9b8c.png,https://raw.githubusercontent.com/Coffice-Official/Coffice-Operating-Tool/main/cafe-image/image_1303_e94d9b8c.png,2025-11-03 23:29:07
1304,코지빌라커피_non-spring-jdbc-plus,image_1304_8c49d4ca.png,https://raw.githubusercontent.com/Coffice-Official/Coffice-Operating-Tool/main/cafe-image/image_1304_8c49d4ca.png,2025-11-03 23:29:09
1305,코지빌라커피_non-spring-jdbc-plus,image_1305_f6cd2e93.png,https://raw.githubusercontent.com/Coffice-Official/Coffice-Operating-Tool/main/cafe-image/image_1305_f6cd2e93.png,2025-11-03 23:29:12
1306,코지빌라커피_non-spring-jdbc-plus,image_1306_8c49d4ca.png,https://raw.githubusercontent.com/Coffice-Official/Coffice-Operating-Tool/main/cafe-image/image_1306_8c49d4ca.png,2025-11-03 23:29:14
1307,그라치아,image_1307_105317d2.jpg,https://raw.githubusercontent.com/Coffice-Official/Coffice-Operating-Tool/main/cafe-image/image_1307_105317d2.jpg,2025-11-03 23:29:16
1308,그라치아,image_1308_666a8df6.jpg,https://raw.githubusercontent.com/Coffice-Official/Coffice-Operating-Tool/main/cafe-image/image_1308_666a8df6.jpg,2025-11-03 23:29:19
1327,커피스미스 이태원해밀턴점,image_1327_d214f20e.jpg,https://raw.githubusercontent.com/Coffice-Official/Coffice-Operating-Tool/main/cafe-image/image_1327_d214f20e.jpg,2025-11-03 23:29:22
1328,커피스미스 이태원해밀턴점,image_1328_46202743.jpg,https://raw.githubusercontent.com/Coffice-Official/Coffice-Operating-Tool/main/cafe-image/image_1328_46202743.jpg,2025-11-03 23:29:24
1329,커피스미스 이태원해밀턴점,image_1329_69681a61.jpg,https://raw.githubusercontent.com/Coffice-Official/Coffice-Operating-Tool/main/cafe-image/image_1329_69681a61.jpg,2025-11-03 23:29:26
1330,인크커피 가산점,image_1330_4af2505c.png,https://raw.githubusercontent.com/Coffice-Official/Coffice-Operating-Tool/main/cafe-image/image_1330_4af2505c.png,2025-11-03 23:29:30
1331,인크커피 가산점,image_1331_e1d66043.png,https://raw.githubusercontent.com/Coffice-Official/Coffice-Operating-Tool/main/cafe-image/image_1331_e1d66043.png,2025-11-03 23:29:34
1332,인크커피 가산점,image_1332_de9704d3.png,https://raw.githubusercontent.com/Coffice-Official/Coffice-Operating-Tool/main/cafe-image/image_1332_de9704d3.png,2025-11-03 23:29:36
1333,고디바 베이커리 카페 도산점,image_1333_f5d9356d.jpg,https://raw.githubusercontent.com/Coffice-Official/Coffice-Operating-Tool/main/cafe-image/image_1333_f5d9356d.jpg,2025-11-03 23:29:38
1334,고디바 베이커리 카페 도산점,image_1334_e8761ae9.jpg,https://raw.githubusercontent.com/Coffice-Official/Coffice-Operating-Tool/main/cafe-image/image_1334_e8761ae9.jpg,2025-11-03 23:29:41
1335,페니힐스 커피스테이션,image_1335_d8a14678.jpg,https://raw.githubusercontent.com/Coffice-Official/Coffice-Operating-Tool/main/cafe-image/image_1335_d8a14678.jpg,2025-11-03 23:29:43
1336,페니힐스 커피스테이션,image_1336_5a7eeb0d.jpg,https://raw.githubusercontent.com/Coffice-Official/Coffice-Operating-Tool/main/cafe-image/image_1336_5a7eeb0d.jpg,2025-11-03 23:29:46
1337,페니힐스 커피스테이션,image_1337_b9d9d8f5.jpg,https://raw.githubusercontent.com/Coffice-Official/Coffice-Operating-Tool/main/cafe-image/image_1337_b9d9d8f5.jpg,2025-11-03 23:29:48
1338,페니힐스 커피스테이션,image_1338_8cc550ab.jpg,https://raw.githubusercontent.com/Coffice-Official/Coffice-Operating-Tool/main/cafe-image/image_1338_8cc550ab.jpg,2025-11-03 23:29:51
1339,리드엑스,image_1339_563c8896.jpg,https://raw.githubusercontent.com/Coffice-Official/Coffice-Operating-Tool/main/cafe-image/image_1339_563c8896.jpg,2025-11-03 23:29:54
1340,리드엑스,image_1340_b3bf0269.jpg,https://raw.githubusercontent.com/Coffice-Official/Coffice-Operating-Tool/main/cafe-image/image_1340_b3bf0269.jpg,2025-11-03 23:29:57
1341,리드엑스,image_1341_669b529d.jpg,https://raw.githubusercontent.com/Coffice-Official/Coffice-Operating-Tool/main/cafe-image/image_1341_669b529d.jpg,2025-11-03 23:30:00
1342,리드엑스,image_1342_c06a6bb1.jpg,https://raw.githubusercontent.com/Coffice-Official/Coffice-Operating-Tool/main/cafe-image/image_1342_c06a6bb1.jpg,2025-11-03 23:30:02
1343,리드엑스,image_1343_2e05900d.jpg,https://raw.githubusercontent.com/Coffice-Official/Coffice-Operating-Tool/main/cafe-image/image_1343_2e05900d.jpg,2025-11-03 23:30:05
1344,리드엑스,image_1344_39ebc059.jpg,https://raw.githubusercontent.com/Coffice-Official/Coffice-Operating-Tool/main/cafe-image/image_1344_39ebc059.jpg,2025-11-03 23:30:08
1345,발트,image_1345_7e571cf9.jpg,https://raw.githubusercontent.com/Coffice-Official/Coffice-Operating-Tool/main/cafe-image/image_1345_7e571cf9.jpg,2025-11-03 23:30:10
1346,발트,image_1346_4f9ae78a.jpg,https://raw.githubusercontent.com/Coffice-Official/Coffice-Operating-Tool/main/cafe-image/image_1346_4f9ae78a.jpg,2025-11-03 23:30:13
1347,발트,image_1347_7bcef8e0.jpg,https://raw.githubusercontent.com/Coffice-Official/Coffice-Operating-Tool/main/cafe-image/image_1347_7bcef8e0.jpg,2025-11-03 23:30:17
1348,발트,image_1348_8290ab8d.jpg,https://raw.githubusercontent.com/Coffice-Official/Coffice-Operating-Tool/main/cafe-image/image_1348_8290ab8d.jpg,2025-11-03 23:30:20
1349,콜린,image_1349_7e4b1715.jpg,https://raw.githubusercontent.com/Coffice-Official/Coffice-Operating-Tool/main/cafe-image/image_1349_7e4b1715.jpg,2025-11-03 23:30:23
1350,콜린,image_1350_04c4b5d9.jpg,https://raw.githubusercontent.com/Coffice-Official/Coffice-Operating-Tool/main/cafe-image/image_1350_04c4b5d9.jpg,2025-11-03 23:30:25
1351,베르시,image_1351_aea44519.jpg,https://raw.githubusercontent.com/Coffice-Official/Coffice-Operating-Tool/main/cafe-image/image_1351_aea44519.jpg,2025-11-03 23:30:29
1352,베르시,image_1352_55ee6f0a.jpg,https://raw.githubusercontent.com/Coffice-Official/Coffice-Operating-Tool/main/cafe-image/image_1352_55ee6f0a.jpg,2025-11-03 23:30:32
1353,베르시,image_1353_3613951d.jpg,https://raw.githubusercontent.com/Coffice-Official/Coffice-Operating-Tool/main/cafe-image/image_1353_3613951d.jpg,2025-11-03 23:30:35
1354,베르시,image_1354_524c8076.jpg,https://raw.githubusercontent.com/Coffice-Official/Coffice-Operating-Tool/main/cafe-image/image_1354_524c8076.jpg,2025-11-03 23:30:38
1355,베르시,image_1355_250b6a26.jpg,https://raw.githubusercontent.com/Coffice-Official/Coffice-Operating-Tool/main/cafe-image/image_1355_250b6a26.jpg,2025-11-03 23:30:41
1356,베르시,image_1356_00dcd805.jpg,https://raw.githubusercontent.com/Coffice-Official/Coffice-Operating-Tool/main/cafe-image/image_1356_00dcd805.jpg,2025-11-03 23:30:43
1357,베르시,image_1357_de5a79f4.jpg,https://raw.githubusercontent.com/Coffice-Official/Coffice-Operating-Tool/main/cafe-image/image_1357_de5a79f4.jpg,2025-11-03 23:30:45
1358,킷사텐 서울역센트럴자이점,image_1358_d5c2633b.jpg,https://raw.githubusercontent.com/Coffice-Official/Coffice-Operating-Tool/main/cafe-image/image_1358_d5c2633b.jpg,2025-11-03 23:30:47
1359,킷사텐 서울역센트럴자이점,image_1359_044fed5c.jpg,https://raw.githubusercontent.com/Coffice-Official/Coffice-Operating-Tool/main/cafe-image/image_1359_044fed5c.jpg,2025-11-03 23:30:50
1360,킷사텐 서울역센트럴자이점,image_1360_281c8695.jpg,https://raw.githubusercontent.com/Coffice-Official/Coffice-Operating-Tool/main/cafe-image/image_1360_281c8695.jpg,2025-11-03 23:30:52
1361,킷사텐 서울역센트럴자이점,image_1361_1d47124d.jpg,https://raw.githubusercontent.com/Coffice-Official/Coffice-Operating-Tool/main/cafe-image/image_1361_1d47124d.jpg,2025-11-03 23:30:55
1362,포희커피,image_1362_07c2c22f.jpg,https://raw.githubusercontent.com/Coffice-Official/Coffice-Operating-Tool/main/cafe-image/image_1362_07c2c22f.jpg,2025-11-03 23:30:58
1363,포희커피,image_1363_6a5da1fd.jpg,https://raw.githubusercontent.com/Coffice-Official/Coffice-Operating-Tool/main/cafe-image/image_1363_6a5da1fd.jpg,2025-11-03 23:31:01
1364,포희커피,image_1364_4933178f.jpg,https://raw.githubusercontent.com/Coffice-Official/Coffice-Operating-Tool/main/cafe-image/image_1364_4933178f.jpg,2025-11-03 23:31:03
1365,포희커피,image_1365_fad87b43.jpg,https://raw.githubusercontent.com/Coffice-Official/Coffice-Operating-Tool/main/cafe-image/image_1365_fad87b43.jpg,2025-11-03 23:31:06
1366,아티스트웨이,image_1366_8d791437.jpg,https://raw.githubusercontent.com/Coffice-Official/Coffice-Operating-Tool/main/cafe-image/image_1366_8d791437.jpg,2025-11-03 23:31:08
1367,아티스트웨이,image_1367_b7551db4.jpg,https://raw.githubusercontent.com/Coffice-Official/Coffice-Operating-Tool/main/cafe-image/image_1367_b7551db4.jpg,2025-11-03 23:31:10
1368,아티스트웨이,image_1368_2bd1219a.jpg,https://raw.githubusercontent.com/Coffice-Official/Coffice-Operating-Tool/main/cafe-image/image_1368_2bd1219a.jpg,2025-11-03 23:31:13
1369,아티스트웨이,image_1369_eaf202c9.jpg,https://raw.githubusercontent.com/Coffice-Official/Coffice-Operating-Tool/main/cafe-image/image_1369_eaf202c9.jpg,2025-11-03 23:31:15
1370,아티스트웨이,image_1370_02f49948.jpg,https://raw.githubusercontent.com/Coffice-Official/Coffice-Operating-Tool/main/cafe-image/image_1370_02f49948.jpg,2025-11-03 23:31:17
1371,아티스트웨이,image_1371_0a4fb0f9.jpg,https://raw.githubusercontent.com/Coffice-Official/Coffice-Operating-Tool/main/cafe-image/image_1371_0a4fb0f9.jpg,2025-11-03 23:31:20
1372,아티스트웨이,image_1372_fa68ccda.jpg,https://raw.githubusercontent.com/Coffice-Official/Coffice-Operating-Tool/main/cafe-image/image_1372_fa68ccda.jpg,2025-11-03 23:31:23
1373,아티스트웨이,image_1373_960ed9c7.jpg,https://raw.githubusercontent.com/Coffice-Official/Coffice-Operating-Tool/main/cafe-image/image_1373_960ed9c7.jpg,2025-11-03 23:31:25
1374,wm cafe,image_1374_90baab72.jpg,https://raw.githubusercontent.com/Coffice-Official/Coffice-Operating-Tool/main/cafe-image/image_1374_90baab72.jpg,2025-11-03 23:31:28
1375,wm cafe,image_1375_4b3720c9.jpg,https://raw.githubusercontent.com/Coffice-Official/Coffice-Operating-Tool/main/cafe-image/image_1375_4b3720c9.jpg,2025-11-03 23:31:30
1376,wm cafe,image_1376_4d05f7e9.jpg,https://raw.githubusercontent.com/Coffice-Official/Coffice-Operating-Tool/main/cafe-image/image_1376_4d05f7e9.jpg,2025-11-03 23:31:31
1377,wm cafe,image_1377_b6c23d1b.jpg,https://raw.githubusercontent.com/Coffice-Official/Coffice-Operating-Tool/main/cafe-image/image_1377_b6c23d1b.jpg,2025-11-03 23:31:35
1378,wm cafe,image_1378_2322f4ab.jpg,https://raw.githubusercontent.com/Coffice-Official/Coffice-Operating-Tool/main/cafe-image/image_1378_2322f4ab.jpg,2025-11-03 23:31:39
1379,wm cafe,image_1379_5c0e5cd5.jpg,https://raw.githubusercontent.com/Coffice-Official/Coffice-Operating-Tool/main/cafe-image/image_1379_5c0e5cd5.jpg,2025-11-03 23:31:40
1380,wm cafe,image_1380_c9bb3abb.jpg,https://raw.githubusercontent.com/Coffice-Official/Coffice-Operating-Tool/main/cafe-image/image_1380_c9bb3abb.jpg,2025-11-03 23:31:43
1381,마데린커피,image_1381_2afe44c3.jpg,https://raw.githubusercontent.com/Coffice-Official/Coffice-Operating-Tool/main/cafe-image/image_1381_2afe44c3.jpg,2025-11-03 23:31:45
1382,마데린커피,image_1382_d6258823.jpg,https://raw.githubusercontent.com/Coffice-Official/Coffice-Operating-Tool/main/cafe-image/image_1382_d6258823.jpg,2025-11-03 23:31:47
1383,마데린커피,image_1383_8d0be5c7.jpg,https://raw.githubusercontent.com/Coffice-Official/Coffice-Operating-Tool/main/cafe-image/image_1383_8d0be5c7.jpg,2025-11-03 23:31:49
1384,카페 라이츠,image_1384_964032e4.jpg,https://raw.githubusercontent.com/Coffice-Official/Coffice-Operating-Tool/main/cafe-image/image_1384_964032e4.jpg,2025-11-03 23:31:52
1385,카페 라이츠,image_1385_6ac37ca4.jpg,https://raw.githubusercontent.com/Coffice-Official/Coffice-Operating-Tool/main/cafe-image/image_1385_6ac37ca4.jpg,2025-11-03 23:31:54
1386,카페 라이츠,image_1386_c7f9ce82.jpg,https://raw.githubusercontent.com/Coffice-Official/Coffice-Operating-Tool/main/cafe-image/image_1386_c7f9ce82.jpg,2025-11-03 23:31:56
1387,카페 라이츠,image_1387_691f8d1e.jpg,https://raw.githubusercontent.com/Coffice-Official/Coffice-Operating-Tool/main/cafe-image/image_1387_691f8d1e.jpg,2025-11-03 23:31:58
1388,카페 라이츠,image_1388_6c6dd182.jpg,https://raw.githubusercontent.com/Coffice-Official/Coffice-Operating-Tool/main/cafe-image/image_1388_6c6dd182.jpg,2025-11-03 23:32:00
1389,카페 라이츠,image_1389_ff346c72.jpg,https://raw.githubusercontent.com/Coffice-Official/Coffice-Operating-Tool/main/cafe-image/image_1389_ff346c72.jpg,2025-11-03 23:32:02
1390,산노루 삼성점,image_1390_9f486d68.jpg,https://raw.githubusercontent.com/Coffice-Official/Coffice-Operating-Tool/main/cafe-image/image_1390_9f486d68.jpg,2025-11-03 23:32:05
1391,산노루 삼성점,image_1391_45358a08.jpg,https://raw.githubusercontent.com/Coffice-Official/Coffice-Operating-Tool/main/cafe-image/image_1391_45358a08.jpg,2025-11-03 23:32:06
1392,산노루 삼성점,image_1392_658ce248.jpg,https://raw.githubusercontent.com/Coffice-Official/Coffice-Operating-Tool/main/cafe-image/image_1392_658ce248.jpg,2025-11-03 23:32:10
1393,산노루 삼성점,image_1393_fcc9d764.jpg,https://raw.githubusercontent.com/Coffice-Official/Coffice-Operating-Tool/main/cafe-image/image_1393_fcc9d764.jpg,2025-11-03 23:32:11
1394,산노루 삼성점,image_1394_029fb24c.jpg,https://raw.githubusercontent.com/Coffice-Official/Coffice-Operating-Tool/main/cafe-image/image_1394_029fb24c.jpg,2025-11-03 23:32:14
1395,스타벅스 한국프레스센터점,image_1395_b0ec221e.png,https://raw.githubusercontent.com/Coffice-Official/Coffice-Operating-Tool/main/cafe-image/image_1395_b0ec221e.png,2025-11-03 23:32:17
1396,스타벅스 한국프레스센터점,image_1396_4b9b731c.png,https://raw.githubusercontent.com/Coffice-Official/Coffice-Operating-Tool/main/cafe-image/image_1396_4b9b731c.png,2025-11-03 23:32:20
1397,커피 제이아이비,image_1397_671ccb5a.jpg,https://raw.githubusercontent.com/Coffice-Official/Coffice-Operating-Tool/main/cafe-image/image_1397_671ccb5a.jpg,2025-11-03 23:32:22
1398,커피 제이아이비,image_1398_9a1909fe.jpg,https://raw.githubusercontent.com/Coffice-Official/Coffice-Operating-Tool/main/cafe-image/image_1398_9a1909fe.jpg,2025-11-03 23:32:25
1399,커피 제이아이비,image_1399_513b6915.jpg,https://raw.githubusercontent.com/Coffice-Official/Coffice-Operating-Tool/main/cafe-image/image_1399_513b6915.jpg,2025-11-03 23:32:28
1400,커피 제이아이비,image_1400_54e361dd.jpg,https://raw.githubusercontent.com/Coffice-Official/Coffice-Operating-Tool/main/cafe-image/image_1400_54e361dd.jpg,2025-11-03 23:32:30
1401,커피 제이아이비,image_1401_6daa8ccb.jpg,https://raw.githubusercontent.com/Coffice-Official/Coffice-Operating-Tool/main/cafe-image/image_1401_6daa8ccb.jpg,2025-11-03 23:32:32
1402,더하우스1932,image_1402_84218c88.jpg,https://raw.githubusercontent.com/Coffice-Official/Coffice-Operating-Tool/main/cafe-image/image_1402_84218c88.jpg,2025-11-03 23:32:34
1403,더하우스1932,image_1403_0f1d65a5.jpg,https://raw.githubusercontent.com/Coffice-Official/Coffice-Operating-Tool/main/cafe-image/image_1403_0f1d65a5.jpg,2025-11-03 23:32:35
1404,더하우스1932,image_1404_ae2d2271.jpg,https://raw.githubusercontent.com/Coffice-Official/Coffice-Operating-Tool/main/cafe-image/image_1404_ae2d2271.jpg,2025-11-03 23:32:36
1405,더하우스1932,image_1405_766c57db.jpg,https://raw.githubusercontent.com/Coffice-Official/Coffice-Operating-Tool/main/cafe-image/image_1405_766c57db.jpg,2025-11-03 23:32:38
1406,더하우스1932,image_1406_e808e242.jpg,https://raw.githubusercontent.com/Coffice-Official/Coffice-Operating-Tool/main/cafe-image/image_1406_e808e242.jpg,2025-11-03 23:32:39
1407,더하우스1932,image_1407_783444d8.jpg,https://raw.githubusercontent.com/Coffice-Official/Coffice-Operating-Tool/main/cafe-image/image_1407_783444d8.jpg,2025-11-03 23:32:40
1408,더하우스1932,image_1408_2f1f97da.jpg,https://raw.githubusercontent.com/Coffice-Official/Coffice-Operating-Tool/main/cafe-image/image_1408_2f1f97da.jpg,2025-11-03 23:32:42
1409,더하우스1932,image_1409_8455c06c.jpg,https://raw.githubusercontent.com/Coffice-Official/Coffice-Operating-Tool/main/cafe-image/image_1409_8455c06c.jpg,2025-11-03 23:32:44
1415,포컬포인트,image_1415_042a56b4.jpg,https://raw.githubusercontent.com/Coffice-Official/Coffice-Operating-Tool/main/cafe-image/image_1415_042a56b4.jpg,2025-11-03 23:32:46
1416,포컬포인트,image_1416_c94fbcdb.jpg,https://raw.githubusercontent.com/Coffice-Official/Coffice-Operating-Tool/main/cafe-image/image_1416_c94fbcdb.jpg,2025-11-03 23:32:48
1417,포컬포인트,image_1417_768f558a.jpg,https://raw.githubusercontent.com/Coffice-Official/Coffice-Operating-Tool/main/cafe-image/image_1417_768f558a.jpg,2025-11-03 23:32:50
1418,포컬포인트,image_1418_9469512e.jpg,https://raw.githubusercontent.com/Coffice-Official/Coffice-Operating-Tool/main/cafe-image/image_1418_9469512e.jpg,2025-11-03 23:32:51
1419,포컬포인트,image_1419_bafdeae1.jpg,https://raw.githubusercontent.com/Coffice-Official/Coffice-Operating-Tool/main/cafe-image/image_1419_bafdeae1.jpg,2025-11-03 23:32:53
1420,포컬포인트,image_1420_6904f6fc.jpg,https://raw.githubusercontent.com/Coffice-Official/Coffice-Operating-Tool/main/cafe-image/image_1420_6904f6fc.jpg,2025-11-03 23:32:54
1421,상향선,image_1421_69bf310c.jpg,https://raw.githubusercontent.com/Coffice-Official/Coffice-Operating-Tool/main/cafe-image/image_1421_69bf310c.jpg,2025-11-03 23:32:56
1422,상향선,image_1422_768e04cf.jpg,https://raw.githubusercontent.com/Coffice-Official/Coffice-Operating-Tool/main/cafe-image/image_1422_768e04cf.jpg,2025-11-03 23:32:57
1423,상향선,image_1423_aec17e6f.jpg,https://raw.githubusercontent.com/Coffice-Official/Coffice-Operating-Tool/main/cafe-image/image_1423_aec17e6f.jpg,2025-11-03 23:32:58
1424,상향선,image_1424_33235382.jpg,https://raw.githubusercontent.com/Coffice-Official/Coffice-Operating-Tool/main/cafe-image/image_1424_33235382.jpg,2025-11-03 23:33:00
1425,상향선,image_1425_64f9bcee.jpg,https://raw.githubusercontent.com/Coffice-Official/Coffice-Operating-Tool/main/cafe-image/image_1425_64f9bcee.jpg,2025-11-03 23:33:01
1426,mk2,image_1426_abce8e39.jpg,https://raw.githubusercontent.com/Coffice-Official/Coffice-Operating-Tool/main/cafe-image/image_1426_abce8e39.jpg,2025-11-03 23:33:04
1427,mk2,image_1427_45e96281.jpg,https://raw.githubusercontent.com/Coffice-Official/Coffice-Operating-Tool/main/cafe-image/image_1427_45e96281.jpg,2025-11-03 23:33:06
1428,mk2,image_1428_151808d6.jpg,https://raw.githubusercontent.com/Coffice-Official/Coffice-Operating-Tool/main/cafe-image/image_1428_151808d6.jpg,2025-11-03 23:33:08
1429,mk2,image_1429_cd82f9b9.jpg,https://raw.githubusercontent.com/Coffice-Official/Coffice-Operating-Tool/main/cafe-image/image_1429_cd82f9b9.jpg,2025-11-03 23:33:09
1430,mk2,image_1430_ef26a834.jpg,https://raw.githubusercontent.com/Coffice-Official/Coffice-Operating-Tool/main/cafe-image/image_1430_ef26a834.jpg,2025-11-03 23:33:12
1431,mk2,image_1431_2e88fe3b.jpg,https://raw.githubusercontent.com/Coffice-Official/Coffice-Operating-Tool/main/cafe-image/image_1431_2e88fe3b.jpg,2025-11-03 23:33:15
1432,mk2,image_1432_bce112cc.jpg,https://raw.githubusercontent.com/Coffice-Official/Coffice-Operating-Tool/main/cafe-image/image_1432_bce112cc.jpg,2025-11-03 23:33:18
1433,mk2,image_1433_c00832dc.jpg,https://raw.githubusercontent.com/Coffice-Official/Coffice-Operating-Tool/main/cafe-image/image_1433_c00832dc.jpg,2025-11-03 23:33:19
1434,플리파 커피,image_1434_5c7594d1.jpg,https://raw.githubusercontent.com/Coffice-Official/Coffice-Operating-Tool/main/cafe-image/image_1434_5c7594d1.jpg,2025-11-03 23:33:21
1435,플리파 커피,image_1435_b080a9ba.jpg,https://raw.githubusercontent.com/Coffice-Official/Coffice-Operating-Tool/main/cafe-image/image_1435_b080a9ba.jpg,2025-11-03 23:33:23
1436,플리파 커피,image_1436_69220183.jpg,https://raw.githubusercontent.com/Coffice-Official/Coffice-Operating-Tool/main/cafe-image/image_1436_69220183.jpg,2025-11-03 23:33:26
1437,플리파 커피,image_1437_bd09189c.jpg,https://raw.githubusercontent.com/Coffice-Official/Coffice-Operating-Tool/main/cafe-image/image_1437_bd09189c.jpg,2025-11-03 23:33:29
1438,할리스 이태원역점,image_1438_e6cb002a.jpg,https://raw.githubusercontent.com/Coffice-Official/Coffice-Operating-Tool/main/cafe-image/image_1438_e6cb002a.jpg,2025-11-03 23:33:31
1439,할리스 이태원역점,image_1439_fc9a824d.jpg,https://raw.githubusercontent.com/Coffice-Official/Coffice-Operating-Tool/main/cafe-image/image_1439_fc9a824d.jpg,2025-11-03 23:33:33
1440,소재지,image_1440_c29fcf44.jpg,https://raw.githubusercontent.com/Coffice-Official/Coffice-Operating-Tool/main/cafe-image/image_1440_c29fcf44.jpg,2025-11-03 23:33:34
1441,소재지,image_1441_afce31b9.jpg,https://raw.githubusercontent.com/Coffice-Official/Coffice-Operating-Tool/main/cafe-image/image_1441_afce31b9.jpg,2025-11-03 23:33:37
1442,소재지,image_1442_264e3f5d.jpg,https://raw.githubusercontent.com/Coffice-Official/Coffice-Operating-Tool/main/cafe-image/image_1442_264e3f5d.jpg,2025-11-03 23:33:39
1443,에덴스벨리,image_1443_0c320977.jpg,https://raw.githubusercontent.com/Coffice-Official/Coffice-Operating-Tool/main/cafe-image/image_1443_0c320977.jpg,2025-11-03 23:33:40
1444,에덴스벨리,image_1444_b0228c62.jpg,https://raw.githubusercontent.com/Coffice-Official/Coffice-Operating-Tool/main/cafe-image/image_1444_b0228c62.jpg,2025-11-03 23:33:43
1464,콘웨이커피 을지로점,image_1464_9768f2e5.jpg,https://raw.githubusercontent.com/Coffice-Official/Coffice-Operating-Tool/main/cafe-image/image_1464_9768f2e5.jpg,2025-11-03 23:33:44
1465,콘웨이커피 을지로점,image_1465_e98c4ccb.jpg,https://raw.githubusercontent.com/Coffice-Official/Coffice-Operating-Tool/main/cafe-image/image_1465_e98c4ccb.jpg,2025-11-03 23:33:46
1466,콘웨이커피 을지로점,image_1466_91d4f833.jpg,https://raw.githubusercontent.com/Coffice-Official/Coffice-Operating-Tool/main/cafe-image/image_1466_91d4f833.jpg,2025-11-03 23:33:48
1467,콘웨이커피 을지로점,image_1467_8ba7b1cb.jpg,https://raw.githubusercontent.com/Coffice-Official/Coffice-Operating-Tool/main/cafe-image/image_1467_8ba7b1cb.jpg,2025-11-03 23:33:50
1468,콘웨이커피 을지로점,image_1468_a8f57b05.jpg,https://raw.githubusercontent.com/Coffice-Official/Coffice-Operating-Tool/main/cafe-image/image_1468_a8f57b05.jpg,2025-11-03 23:33:52
1469,콘웨이커피 을지로점,image_1469_1060128f.jpg,https://raw.githubusercontent.com/Coffice-Official/Coffice-Operating-Tool/main/cafe-image/image_1469_1060128f.jpg,2025-11-03 23:33:54
1470,콘웨이커피 을지로점,image_1470_b8e33daa.jpg,https://raw.githubusercontent.com/Coffice-Official/Coffice-Operating-Tool/main/cafe-image/image_1470_b8e33daa.jpg,2025-11-03 23:33:56
1471,콘웨이커피 을지로점,image_1471_dda2885a.jpg,https://raw.githubusercontent.com/Coffice-Official/Coffice-Operating-Tool/main/cafe-image/image_1471_dda2885a.jpg,2025-11-03 23:34:00
1474,폴 바셋 한남 커피스테이션점,image_1474_3944923e.jpg,https://raw.githubusercontent.com/Coffice-Official/Coffice-Operating-Tool/main/cafe-image/image_1474_3944923e.jpg,2025-11-03 23:34:01
1475,폴 바셋 한남 커피스테이션점,image_1475_e14fffe9.jpg,https://raw.githubusercontent.com/Coffice-Official/Coffice-Operating-Tool/main/cafe-image/image_1475_e14fffe9.jpg,2025-11-03 23:34:03
1476,폴 바셋 한남 커피스테이션점,image_1476_cb170467.jpg,https://raw.githubusercontent.com/Coffice-Official/Coffice-Operating-Tool/main/cafe-image/image_1476_cb170467.jpg,2025-11-03 23:34:05
1477,폴 바셋 한남 커피스테이션점,image_1477_2aa0407f.jpg,https://raw.githubusercontent.com/Coffice-Official/Coffice-Operating-Tool/main/cafe-image/image_1477_2aa0407f.jpg,2025-11-03 23:34:08
1478,폴 바셋 한남 커피스테이션점,image_1478_edf42a26.jpg,https://raw.githubusercontent.com/Coffice-Official/Coffice-Operating-Tool/main/cafe-image/image_1478_edf42a26.jpg,2025-11-03 23:34:09
1479,투썸플레이스 옥수역점,image_1479_11183e69.jpg,https://raw.githubusercontent.com/Coffice-Official/Coffice-Operating-Tool/main/cafe-image/image_1479_11183e69.jpg,2025-11-03 23:34:11
1480,투썸플레이스 옥수역점,image_1480_176d1848.jpg,https://raw.githubusercontent.com/Coffice-Official/Coffice-Operating-Tool/main/cafe-image/image_1480_176d1848.jpg,2025-11-03 23:34:14
1481,투썸플레이스 옥수역점,image_1481_f707cc05.jpg,https://raw.githubusercontent.com/Coffice-Official/Coffice-Operating-Tool/main/cafe-image/image_1481_f707cc05.jpg,2025-11-03 23:34:15
1482,헬카페 로스터즈,image_1482_5cc3f608.jpg,https://raw.githubusercontent.com/Coffice-Official/Coffice-Operating-Tool/main/cafe-image/image_1482_5cc3f608.jpg,2025-11-03 23:34:17
1483,헬카페 로스터즈,image_1483_b8682475.jpg,https://raw.githubusercontent.com/Coffice-Official/Coffice-Operating-Tool/main/cafe-image/image_1483_b8682475.jpg,2025-11-03 23:34:20
1484,헬카페 로스터즈,image_1484_2743a3a1.jpg,https://raw.githubusercontent.com/Coffice-Official/Coffice-Operating-Tool/main/cafe-image/image_1484_2743a3a1.jpg,2025-11-03 23:34:23
1485,헬카페 로스터즈,image_1485_74feb5b6.jpg,https://raw.githubusercontent.com/Coffice-Official/Coffice-Operating-Tool/main/cafe-image/image_1485_74feb5b6.jpg,2025-11-03 23:34:26
1486,헬카페 로스터즈,image_1486_d6e43df2.jpg,https://raw.githubusercontent.com/Coffice-Official/Coffice-Operating-Tool/main/cafe-image/image_1486_d6e43df2.jpg,2025-11-03 23:34:28
1487,헬카페 로스터즈,image_1487_db32b546.jpg,https://raw.githubusercontent.com/Coffice-Official/Coffice-Operating-Tool/main/cafe-image/image_1487_db32b546.jpg,2025-11-03 23:34:30
1488,헬카페 로스터즈,image_1488_8e505bef.jpg,https://raw.githubusercontent.com/Coffice-Official/Coffice-Operating-Tool/main/cafe-image/image_1488_8e505bef.jpg,2025-11-03 23:34:32
1489,어트랙트커피,image_1489_d596371a.jpg,https://raw.githubusercontent.com/Coffice-Official/Coffice-Operating-Tool/main/cafe-image/image_1489_d596371a.jpg,2025-11-03 23:34:35
1490,어트랙트커피,image_1490_715afc57.jpg,https://raw.githubusercontent.com/Coffice-Official/Coffice-Operating-Tool/main/cafe-image/image_1490_715afc57.jpg,2025-11-03 23:34:37
1491,어트랙트커피,image_1491_00686b9a.jpg,https://raw.githubusercontent.com/Coffice-Official/Coffice-Operating-Tool/main/cafe-image/image_1491_00686b9a.jpg,2025-11-03 23:34:38
1492,어트랙트커피,image_1492_98b3b3eb.jpg,https://raw.githubusercontent.com/Coffice-Official/Coffice-Operating-Tool/main/cafe-image/image_1492_98b3b3eb.jpg,2025-11-03 23:34:40
1493,어트랙트커피,image_1493_41573091.jpg,https://raw.githubusercontent.com/Coffice-Official/Coffice-Operating-Tool/main/cafe-image/image_1493_41573091.jpg,2025-11-03 23:34:43
1494,어트랙트커피,image_1494_2d9b097a.jpg,https://raw.githubusercontent.com/Coffice-Official/Coffice-Operating-Tool/main/cafe-image/image_1494_2d9b097a.jpg,2025-11-03 23:34:45
1495,어트랙트커피,image_1495_0318a38e.jpg,https://raw.githubusercontent.com/Coffice-Official/Coffice-Operating-Tool/main/cafe-image/image_1495_0318a38e.jpg,2025-11-03 23:34:47
1496,어트랙트커피,image_1496_d913b021.jpg,https://raw.githubusercontent.com/Coffice-Official/Coffice-Operating-Tool/main/cafe-image/image_1496_d913b021.jpg,2025-11-03 23:34:49
1497,로트,image_1497_c45b8aa9.jpg,https://raw.githubusercontent.com/Coffice-Official/Coffice-Operating-Tool/main/cafe-image/image_1497_c45b8aa9.jpg,2025-11-03 23:34:50
1498,로트,image_1498_05075795.jpg,https://raw.githubusercontent.com/Coffice-Official/Coffice-Operating-Tool/main/cafe-image/image_1498_05075795.jpg,2025-11-03 23:34:52
1499,로트,image_1499_edb15737.jpg,https://raw.githubusercontent.com/Coffice-Official/Coffice-Operating-Tool/main/cafe-image/image_1499_edb15737.jpg,2025-11-03 23:34:53
1500,로트,image_1500_0ff5e46e.jpg,https://raw.githubusercontent.com/Coffice-Official/Coffice-Operating-Tool/main/cafe-image/image_1500_0ff5e46e.jpg,2025-11-03 23:34:56
1501,로트,image_1501_7b3de4d7.jpg,https://raw.githubusercontent.com/Coffice-Official/Coffice-Operating-Tool/main/cafe-image/image_1501_7b3de4d7.jpg,2025-11-03 23:34:59
1502,로트,image_1502_f8b5ed5d.jpg,https://raw.githubusercontent.com/Coffice-Official/Coffice-Operating-Tool/main/cafe-image/image_1502_f8b5ed5d.jpg,2025-11-03 23:35:00
1503,커피스미스 이태원해밀턴점,image_1503_23babfef.jpg,https://raw.githubusercontent.com/Coffice-Official/Coffice-Operating-Tool/main/cafe-image/image_1503_23babfef.jpg,2025-11-03 23:35:02
1504,커피스미스 이태원해밀턴점,image_1504_493007e3.jpg,https://raw.githubusercontent.com/Coffice-Official/Coffice-Operating-Tool/main/cafe-image/image_1504_493007e3.jpg,2025-11-03 23:35:04
1505,웨스틴 조선 서울 조선델리,image_1505_de43a35a.jpg,https://raw.githubusercontent.com/Coffice-Official/Coffice-Operating-Tool/main/cafe-image/image_1505_de43a35a.jpg,2025-11-03 23:35:06
1506,웨스틴 조선 서울 조선델리,image_1506_de43a35a.jpg,https://raw.githubusercontent.com/Coffice-Official/Coffice-Operating-Tool/main/cafe-image/image_1506_de43a35a.jpg,2025-11-03 23:35:07
1507,아티제 분당정자점,image_1507_8d3bae6b.jpg,https://raw.githubusercontent.com/Coffice-Official/Coffice-Operating-Tool/main/cafe-image/image_1507_8d3bae6b.jpg,2025-11-03 23:35:09
1508,아티제 분당정자점,image_1508_776c8211.jpg,https://raw.githubusercontent.com/Coffice-Official/Coffice-Operating-Tool/main/cafe-image/image_1508_776c8211.jpg,2025-11-03 23:35:11
1509,아티제 분당정자점,image_1509_4aa08c97.jpg,https://raw.githubusercontent.com/Coffice-Official/Coffice-Operating-Tool/main/cafe-image/image_1509_4aa08c97.jpg,2025-11-03 23:35:13
1510,스타벅스 충무로점,image_1510_316dd97a.jpg,https://raw.githubusercontent.com/Coffice-Official/Coffice-Operating-Tool/main/cafe-image/image_1510_316dd97a.jpg,2025-11-03 23:35:15
1511,스타벅스 충무로점,image_1511_5d49af44.jpg,https://raw.githubusercontent.com/Coffice-Official/Coffice-Operating-Tool/main/cafe-image/image_1511_5d49af44.jpg,2025-11-03 23:35:17
1512,스타벅스 충무로점,image_1512_bd655fbf.jpg,https://raw.githubusercontent.com/Coffice-Official/Coffice-Operating-Tool/main/cafe-image/image_1512_bd655fbf.jpg,2025-11-03 23:35:20
1513,스타벅스 용산전자랜드점,image_1513_4f7236aa.jpg,https://raw.githubusercontent.com/Coffice-Official/Coffice-Operating-Tool/main/cafe-image/image_1513_4f7236aa.jpg,2025-11-03 23:35:21
1514,스타벅스 용산전자랜드점,image_1514_4a2c9fda.jpg,https://raw.githubusercontent.com/Coffice-Official/Coffice-Operating-Tool/main/cafe-image/image_1514_4a2c9fda.jpg,2025-11-03 23:35:24
1515,스타벅스 용산전자랜드점,image_1515_94c120f9.jpg,https://raw.githubusercontent.com/Coffice-Official/Coffice-Operating-Tool/main/cafe-image/image_1515_94c120f9.jpg,2025-11-03 23:35:26
1516,스타벅스 용산전자랜드점,image_1516_46c062c4.jpg,https://raw.githubusercontent.com/Coffice-Official/Coffice-Operating-Tool/main/cafe-image/image_1516_46c062c4.jpg,2025-11-03 23:35:29
1517,스타벅스 용산전자랜드점,image_1517_20740bb7.jpg,https://raw.githubusercontent.com/Coffice-Official/Coffice-Operating-Tool/main/cafe-image/image_1517_20740bb7.jpg,2025-11-03 23:35:31
1518,마인드멜드,image_1518_29c21217.jpg,https://raw.githubusercontent.com/Coffice-Official/Coffice-Operating-Tool/main/cafe-image/image_1518_29c21217.jpg,2025-11-03 23:35:33
1519,마인드멜드,image_1519_c9f845cc.jpg,https://raw.githubusercontent.com/Coffice-Official/Coffice-Operating-Tool/main/cafe-image/image_1519_c9f845cc.jpg,2025-11-03 23:35:36
1520,마인드멜드,image_1520_639457db.jpg,https://raw.githubusercontent.com/Coffice-Official/Coffice-Operating-Tool/main/cafe-image/image_1520_639457db.jpg,2025-11-03 23:35:38
1521,마인드멜드,image_1521_4fe11c28.jpg,https://raw.githubusercontent.com/Coffice-Official/Coffice-Operating-Tool/main/cafe-image/image_1521_4fe11c28.jpg,2025-11-03 23:35:42
1522,마인드멜드,image_1522_8b4c3bee.jpg,https://raw.githubusercontent.com/Coffice-Official/Coffice-Operating-Tool/main/cafe-image/image_1522_8b4c3bee.jpg,2025-11-03 23:35:43
1523,마인드멜드,image_1523_89623279.jpg,https://raw.githubusercontent.com/Coffice-Official/Coffice-Operating-Tool/main/cafe-image/image_1523_89623279.jpg,2025-11-03 23:35:45
1524,마인드멜드,image_1524_811b6a35.jpg,https://raw.githubusercontent.com/Coffice-Official/Coffice-Operating-Tool/main/cafe-image/image_1524_811b6a35.jpg,2025-11-03 23:35:47
1525,한남작업실,image_1525_7475cc8c.jpg,https://raw.githubusercontent.com/Coffice-Official/Coffice-Operating-Tool/main/cafe-image/image_1525_7475cc8c.jpg,2025-11-03 23:35:49
1526,한남작업실,image_1526_58a5140d.jpg,https://raw.githubusercontent.com/Coffice-Official/Coffice-Operating-Tool/main/cafe-image/image_1526_58a5140d.jpg,2025-11-03 23:35:51
1527,한남작업실,image_1527_b5c9e2d3.jpg,https://raw.githubusercontent.com/Coffice-Official/Coffice-Operating-Tool/main/cafe-image/image_1527_b5c9e2d3.jpg,2025-11-03 23:35:54
1528,한남작업실,image_1528_97bf9469.jpg,https://raw.githubusercontent.com/Coffice-Official/Coffice-Operating-Tool/main/cafe-image/image_1528_97bf9469.jpg,2025-11-03 23:35:56
1529,한남작업실,image_1529_f2b14816.jpg,https://raw.githubusercontent.com/Coffice-Official/Coffice-Operating-Tool/main/cafe-image/image_1529_f2b14816.jpg,2025-11-03 23:35:59
1530,한남작업실,image_1530_fc58402f.jpg,https://raw.githubusercontent.com/Coffice-Official/Coffice-Operating-Tool/main/cafe-image/image_1530_fc58402f.jpg,2025-11-03 23:36:01
1531,한남작업실,image_1531_1f8ca09e.jpg,https://raw.githubusercontent.com/Coffice-Official/Coffice-Operating-Tool/main/cafe-image/image_1531_1f8ca09e.jpg,2025-11-03 23:36:03
1532,서플먼트커피,image_1532_01eed8b7.jpg,https://raw.githubusercontent.com/Coffice-Official/Coffice-Operating-Tool/main/cafe-image/image_1532_01eed8b7.jpg,2025-11-03 23:36:05
1533,서플먼트커피,image_1533_d4eca872.jpg,https://raw.githubusercontent.com/Coffice-Official/Coffice-Operating-Tool/main/cafe-image/image_1533_d4eca872.jpg,2025-11-03 23:36:06
1534,서플먼트커피,image_1534_b4d258bd.jpg,https://raw.githubusercontent.com/Coffice-Official/Coffice-Operating-Tool/main/cafe-image/image_1534_b4d258bd.jpg,2025-11-03 23:36:07
1535,서플먼트커피,image_1535_b5eed96c.jpg,https://raw.githubusercontent.com/Coffice-Official/Coffice-Operating-Tool/main/cafe-image/image_1535_b5eed96c.jpg,2025-11-03 23:36:09
1536,서플먼트커피,image_1536_295de32d.jpg,https://raw.githubusercontent.com/Coffice-Official/Coffice-Operating-Tool/main/cafe-image/image_1536_295de32d.jpg,2025-11-03 23:36:10
1537,서플먼트커피,image_1537_50e58dec.jpg,https://raw.githubusercontent.com/Coffice-Official/Coffice-Operating-Tool/main/cafe-image/image_1537_50e58dec.jpg,2025-11-03 23:36:11
1538,서플먼트커피,image_1538_0e7ec66c.jpg,https://raw.githubusercontent.com/Coffice-Official/Coffice-Operating-Tool/main/cafe-image/image_1538_0e7ec66c.jpg,2025-11-03 23:36:13
1539,서플먼트커피,image_1539_722009f2.jpg,https://raw.githubusercontent.com/Coffice-Official/Coffice-Operating-Tool/main/cafe-image/image_1539_722009f2.jpg,2025-11-03 23:36:14
1540,늘봄봄 베이커리&카페,image_1540_af01888e.jpg,https://raw.githubusercontent.com/Coffice-Official/Coffice-Operating-Tool/main/cafe-image/image_1540_af01888e.jpg,2025-11-03 23:36:16
1541,늘봄봄 베이커리&카페,image_1541_0d6f2df7.jpg,https://raw.githubusercontent.com/Coffice-Official/Coffice-Operating-Tool/main/cafe-image/image_1541_0d6f2df7.jpg,2025-11-03 23:36:18
1542,늘봄봄 베이커리&카페,image_1542_bebbb79a.jpg,https://raw.githubusercontent.com/Coffice-Official/Coffice-Operating-Tool/main/cafe-image/image_1542_bebbb79a.jpg,2025-11-03 23:36:19
1543,늘봄봄 베이커리&카페,image_1543_4c86ad9d.jpg,https://raw.githubusercontent.com/Coffice-Official/Coffice-Operating-Tool/main/cafe-image/image_1543_4c86ad9d.jpg,2025-11-03 23:36:21
1544,늘봄봄 베이커리&카페,image_1544_3c530803.jpg,https://raw.githubusercontent.com/Coffice-Official/Coffice-Operating-Tool/main/cafe-image/image_1544_3c530803.jpg,2025-11-03 23:36:22
1545,늘봄봄 베이커리&카페,image_1545_80ac55b0.jpg,https://raw.githubusercontent.com/Coffice-Official/Coffice-Operating-Tool/main/cafe-image/image_1545_80ac55b0.jpg,2025-11-03 23:36:23
1546,투썸플레이스 사당역로데오점,image_1546_aa7b830e.jpg,https://raw.githubusercontent.com/Coffice-Official/Coffice-Operating-Tool/main/cafe-image/image_1546_aa7b830e.jpg,2025-11-03 23:36:25
1547,아임일리터 광명하안점,image_1547_cf92411b.jpg,https://raw.githubusercontent.com/Coffice-Official/Coffice-Operating-Tool/main/cafe-image/image_1547_cf92411b.jpg,2025-11-03 23:36:27
1548,아임일리터 광명하안점,image_1548_454f2f59.jpg,https://raw.githubusercontent.com/Coffice-Official/Coffice-Operating-Tool/main/cafe-image/image_1548_454f2f59.jpg,2025-11-03 23:36:28
1549,투썸플레이스 광명철산점,image_1549_c7292b93.jpg,https://raw.githubusercontent.com/Coffice-Official/Coffice-Operating-Tool/main/cafe-image/image_1549_c7292b93.jpg,2025-11-03 23:36:29
1550,투썸플레이스 광명철산점,image_1550_b7bf873c.jpg,https://raw.githubusercontent.com/Coffice-Official/Coffice-Operating-Tool/main/cafe-image/image_1550_b7bf873c.jpg,2025-11-03 23:36:31
1551,보난자커피 한남,image_1551_bd1e9996.jpg,https://raw.githubusercontent.com/Coffice-Official/Coffice-Operating-Tool/main/cafe-image/image_1551_bd1e9996.jpg,2025-11-03 23:36:33
1552,보난자커피 한남,image_1552_912922ca.jpg,https://raw.githubusercontent.com/Coffice-Official/Coffice-Operating-Tool/main/cafe-image/image_1552_912922ca.jpg,2025-11-03 23:36:34
1553,보난자커피 한남,image_1553_3f90aae7.jpg,https://raw.githubusercontent.com/Coffice-Official/Coffice-Operating-Tool/main/cafe-image/image_1553_3f90aae7.jpg,2025-11-03 23:36:36
1554,보난자커피 한남,image_1554_3008fe21.jpg,https://raw.githubusercontent.com/Coffice-Official/Coffice-Operating-Tool/main/cafe-image/image_1554_3008fe21.jpg,2025-11-03 23:36:37
1555,보난자커피 한남,image_1555_152d8232.jpg,https://raw.githubusercontent.com/Coffice-Official/Coffice-Operating-Tool/main/cafe-image/image_1555_152d8232.jpg,2025-11-03 23:36:39
1556,보난자커피 한남,image_1556_c2a0a89d.jpg,https://raw.githubusercontent.com/Coffice-Official/Coffice-Operating-Tool/main/cafe-image/image_1556_c2a0a89d.jpg,2025-11-03 23:36:41
1557,보난자커피 한남,image_1557_b1693a6e.jpg,https://raw.githubusercontent.com/Coffice-Official/Coffice-Operating-Tool/main/cafe-image/image_1557_b1693a6e.jpg,2025-11-03 23:36:43
1558,보난자커피 한남,image_1558_1da7d51a.jpg,https://raw.githubusercontent.com/Coffice-Official/Coffice-Operating-Tool/main/cafe-image/image_1558_1da7d51a.jpg,2025-11-03 23:36:45
1559,커피스미스 이태원해밀턴점,image_1559_58865bae.jpg,https://raw.githubusercontent.com/Coffice-Official/Coffice-Operating-Tool/main/cafe-image/image_1559_58865bae.jpg,2025-11-03 23:36:46
1560,커피스미스 이태원해밀턴점,image_1560_24bb888b.jpg,https://raw.githubusercontent.com/Coffice-Official/Coffice-Operating-Tool/main/cafe-image/image_1560_24bb888b.jpg,2025-11-03 23:36:48
1561,아티제 분당정자점,image_1561_8606a321.jpg,https://raw.githubusercontent.com/Coffice-Official/Coffice-Operating-Tool/main/cafe-image/image_1561_8606a321.jpg,2025-11-03 23:36:49
1562,아티제 분당정자점,image_1562_8940713b.jpg,https://raw.githubusercontent.com/Coffice-Official/Coffice-Operating-Tool/main/cafe-image/image_1562_8940713b.jpg,2025-11-03 23:36:52
1563,아티제 분당정자점,image_1563_6fb08638.jpg,https://raw.githubusercontent.com/Coffice-Official/Coffice-Operating-Tool/main/cafe-image/image_1563_6fb08638.jpg,2025-11-03 23:36:53
